[single-agent] session: C:\Users\t-zhijjiang\Downloads\PhysCADResearcher\output\representation_ablation_05_three_planet_4to1\runs\design_this_as_an_open_demonstra_20260813_153115
[single-agent] iteration 0: authoring build_machine() ...
[single-agent] design_this_as_an_open_demonstra: 23 part(s), 0 mesh pair(s), relations=11, watch_links=7, STEP=yes
ARTIFACT_JSON:{"kind":"assembled_model","iter":0,"run_dir":"C:\\Users\\t-zhijjiang\\Downloads\\PhysCADResearcher\\output\\representation_ablation_05_three_planet_4to1\\runs\\design_this_as_an_open_demonstra_20260813_153115","render_dir":"C:\\Users\\t-zhijjiang\\Downloads\\PhysCADResearcher\\output\\representation_ablation_05_three_planet_4to1\\runs\\design_this_as_an_open_demonstra_20260813_153115\\iter_0"}
[single-agent] connectivity gate failed -> asking agent to fix
ARTIFACT_JSON:{"kind":"diagnosis","iter":0,"single_agent":true,"decision":{"root_cause":"connectivity gate failed","evidence":["declared edges missing from the proximity graph: input_crank<->input_shaft"]}}
[single-agent] iteration 1: authoring build_machine() ...
[single-agent] design_this_as_an_open_demonstra: 23 part(s), 0 mesh pair(s), relations=11, watch_links=7, STEP=yes
ARTIFACT_JSON:{"kind":"assembled_model","iter":1,"run_dir":"C:\\Users\\t-zhijjiang\\Downloads\\PhysCADResearcher\\output\\representation_ablation_05_three_planet_4to1\\runs\\design_this_as_an_open_demonstra_20260813_153115","render_dir":"C:\\Users\\t-zhijjiang\\Downloads\\PhysCADResearcher\\output\\representation_ablation_05_three_planet_4to1\\runs\\design_this_as_an_open_demonstra_20260813_153115\\iter_1"}
[single-agent] connectivity gate failed -> asking agent to fix
ARTIFACT_JSON:{"kind":"diagnosis","iter":1,"single_agent":true,"decision":{"root_cause":"connectivity gate failed","evidence":["declared edges missing from the proximity graph: input_crank<->input_shaft"]}}
[single-agent] iteration 2: authoring build_machine() ...
[single-agent] design_this_as_an_open_demonstra: 23 part(s), 0 mesh pair(s), relations=11, watch_links=7, STEP=yes
ARTIFACT_JSON:{"kind":"assembled_model","iter":2,"run_dir":"C:\\Users\\t-zhijjiang\\Downloads\\PhysCADResearcher\\output\\representation_ablation_05_three_planet_4to1\\runs\\design_this_as_an_open_demonstra_20260813_153115","render_dir":"C:\\Users\\t-zhijjiang\\Downloads\\PhysCADResearcher\\output\\representation_ablation_05_three_planet_4to1\\runs\\design_this_as_an_open_demonstra_20260813_153115\\iter_2"}
[single-agent] iteration 2: simulating physics ...
[tool] read_mjcf_facts({'section': 'index', 'offset': 0, 'limit': 200})
[tool] read_mjcf_facts({'section': 'model', 'offset': 0, 'limit': 200})
[tool] read_mjcf_facts({'section': 'links', 'offset': 0, 'limit': 200})
[tool] read_mjcf_facts({'section': 'ports', 'offset': 0, 'limit': 200})
[tool] read_mjcf_facts({'section': 'entity_ids', 'offset': 0, 'limit': 200})
[tool] read_mjcf_facts({'section': 'simulation', 'offset': 0, 'limit': 200})
[tool] read_mjcf_facts({'section': 'relations', 'offset': 0, 'limit': 200})
[tool] read_mjcf_facts({'section': 'motion_joints', 'offset': 0, 'limit': 200})
[tool] read_mjcf_facts({'section': 'transmissions', 'offset': 0, 'limit': 200})
[tool] read_mjcf_facts({'section': 'planetary_stages', 'offset': 0, 'limit': 200})
[tool] read_mjcf_facts({'section': 'poses', 'offset': 0, 'limit': 200})
[tool] read_mjcf_facts({'section': 'entity_ids', 'offset': 25, 'limit': 100})
[tool] query_port_fit({'a': 'center_pedestal', 'port_a': 'input_bearing_seat', 'b': 'input_bearing', 'port_b': 'outer_race'})
[tool] query_port_fit({'a': 'input_bearing', 'port_a': 'shaft_journal', 'b': 'input_shaft', 'port_b': 'lower_journal'})
[tool] query_port_fit({'a': 'input_shaft', 'port_a': 'sun_press_seat', 'b': 'sun_gear', 'port_b': 'shaft_bore'})
[tool] query_port_fit({'a': 'center_pedestal', 'port_a': 'carrier_bearing_seat', 'b': 'carrier_bearing', 'port_b': 'pedestal_bore'})
[tool] query_port_fit({'a': 'carrier_bearing', 'port_a': 'carrier_journal', 'b': 'carrier', 'port_b': 'central_bore'})
[tool] query_port_fit({'a': 'planet_bushing_1', 'port_a': 'gear_journal', 'b': 'planet_gear_1', 'port_b': 'bearing_bore'})
[tool] query_port_fit({'a': 'planet_bushing_2', 'port_a': 'gear_journal', 'b': 'planet_gear_2', 'port_b': 'bearing_bore'})
[tool] query_port_fit({'a': 'planet_bushing_3', 'port_a': 'gear_journal', 'b': 'planet_gear_3', 'port_b': 'bearing_bore'})
[tool] query_nearby_parts({'part': 'input_shaft', 'radius_mm': 1})
[tool] query_nearby_parts({'part': 'sun_gear', 'radius_mm': 1})
[tool] query_nearby_parts({'part': 'carrier', 'radius_mm': 1})
[tool] query_nearby_parts({'part': 'planet_gear_1', 'radius_mm': 1})
[tool] query_nearby_parts({'part': 'planet_gear_2', 'radius_mm': 1})
[tool] query_nearby_parts({'part': 'planet_gear_3', 'radius_mm': 1})
[tool] read_mjcf_facts({'section': 'entity_ids', 'offset': 50, 'limit': 64})
[tool] query_motion_path({'source': 'input_shaft', 'target': 'sun_gear'})
[tool] query_motion_path({'source': 'sun_gear', 'target': 'planet_gear_1'})
[tool] query_motion_path({'source': 'sun_gear', 'target': 'planet_gear_2'})
[tool] query_motion_path({'source': 'sun_gear', 'target': 'planet_gear_3'})
[tool] query_motion_path({'source': 'planet_gear_1', 'target': 'fixed_ring_gear'})
[tool] query_motion_path({'source': 'planet_gear_2', 'target': 'fixed_ring_gear'})
[tool] query_motion_path({'source': 'planet_gear_3', 'target': 'fixed_ring_gear'})
[tool] query_port_fit({'a': 'sun_gear', 'port_a': 'planet_mesh_1', 'b': 'planet_gear_1', 'port_b': 'sun_mesh'})
[tool] query_port_fit({'a': 'sun_gear', 'port_a': 'planet_mesh_2', 'b': 'planet_gear_2', 'port_b': 'sun_mesh'})
[tool] query_port_fit({'a': 'sun_gear', 'port_a': 'planet_mesh_3', 'b': 'planet_gear_3', 'port_b': 'sun_mesh'})
[tool] query_port_fit({'a': 'planet_gear_1', 'port_a': 'ring_mesh', 'b': 'fixed_ring_gear', 'port_b': 'internal_mesh_1'})
[tool] query_port_fit({'a': 'planet_gear_2', 'port_a': 'ring_mesh', 'b': 'fixed_ring_gear', 'port_b': 'internal_mesh_2'})
[tool] query_port_fit({'a': 'planet_gear_3', 'port_a': 'ring_mesh', 'b': 'fixed_ring_gear', 'port_b': 'internal_mesh_3'})
[tool] query_nearby_parts({'part': 'output_indicator', 'radius_mm': 1})
[tool] query_nearby_parts({'part': 'planet_pin_1', 'radius_mm': 1})
[tool] query_nearby_parts({'part': 'planet_pin_2', 'radius_mm': 1})
[tool] query_nearby_parts({'part': 'planet_pin_3', 'radius_mm': 1})
[tool] query_nearby_parts({'part': 'planet_bushing_1', 'radius_mm': 1})
[tool] query_nearby_parts({'part': 'planet_bushing_2', 'radius_mm': 1})
[tool] query_nearby_parts({'part': 'planet_bushing_3', 'radius_mm': 1})
[tool] query_nearby_parts({'part': 'input_crank', 'radius_mm': 1})
[tool] query_nearby_parts({'part': 'crank_handle', 'radius_mm': 1})
[tool] read_mjcf_facts({'section': 'entity_ids', 'offset': 75, 'limit': 39})
[tool] query_pair_geometry({'a': 'input_shaft', 'b': 'center_pedestal'})
[tool] query_pair_geometry({'a': 'input_shaft', 'b': 'input_bearing'})
[tool] query_pair_geometry({'a': 'input_shaft', 'b': 'carrier_bearing'})
[tool] query_pair_geometry({'a': 'input_shaft', 'b': 'carrier'})
[tool] query_pair_geometry({'a': 'input_shaft', 'b': 'sun_gear'})
[tool] query_pair_geometry({'a': 'input_shaft', 'b': 'fixed_ring_gear'})
[tool] query_pair_geometry({'a': 'input_shaft', 'b': 'input_crank'})
[tool] query_pair_geometry({'a': 'input_shaft', 'b': 'base'})
[tool] query_pair_geometry({'a': 'input_shaft', 'b': 'planet_gear_1'})
[tool] query_pair_geometry({'a': 'input_shaft', 'b': 'planet_gear_2'})
[tool] query_pair_geometry({'a': 'input_shaft', 'b': 'planet_gear_3'})
[tool] query_pair_geometry({'a': 'input_shaft', 'b': 'output_indicator'})
[tool] query_pair_geometry({'a': 'input_shaft', 'b': 'planet_bushing_2'})
[tool] query_pair_geometry({'a': 'input_shaft', 'b': 'planet_bushing_3'})
[tool] query_pair_geometry({'a': 'input_shaft', 'b': 'planet_pin_2'})
[tool] query_pair_geometry({'a': 'input_shaft', 'b': 'planet_pin_3'})
[tool] query_pair_geometry({'a': 'sun_gear', 'b': 'planet_gear_1'})
[tool] query_pair_geometry({'a': 'sun_gear', 'b': 'planet_gear_2'})
[tool] query_pair_geometry({'a': 'sun_gear', 'b': 'planet_gear_3'})
[tool] query_pair_geometry({'a': 'sun_gear', 'b': 'fixed_ring_gear'})
[tool] query_pair_geometry({'a': 'sun_gear', 'b': 'carrier'})
[tool] query_pair_geometry({'a': 'sun_gear', 'b': 'planet_bushing_2'})
[tool] query_pair_geometry({'a': 'sun_gear', 'b': 'planet_bushing_3'})
[tool] query_pair_geometry({'a': 'sun_gear', 'b': 'planet_pin_2'})
[tool] query_pair_geometry({'a': 'sun_gear', 'b': 'planet_pin_3'})
[tool] query_pair_geometry({'a': 'sun_gear', 'b': 'carrier_bearing'})
[tool] query_pair_geometry({'a': 'sun_gear', 'b': 'output_indicator'})
[tool] query_pair_geometry({'a': 'sun_gear', 'b': 'input_crank'})
[tool] query_pair_geometry({'a': 'sun_gear', 'b': 'center_pedestal'})
[tool] query_pair_geometry({'a': 'sun_gear', 'b': 'planet_bushing_1'})
[tool] query_pair_geometry({'a': 'sun_gear', 'b': 'planet_pin_1'})
[tool] query_pair_geometry({'a': 'sun_gear', 'b': 'crank_handle'})
[tool] query_pair_geometry({'a': 'sun_gear', 'b': 'input_bearing'})
[tool] query_pair_geometry({'a': 'sun_gear', 'b': 'base'})
[tool] read_mjcf_facts({'section': 'entity_ids', 'offset': 100, 'limit': 14})
[tool] query_pair_geometry({'a': 'carrier', 'b': 'center_pedestal'})
[tool] query_pair_geometry({'a': 'carrier', 'b': 'input_bearing'})
[tool] query_pair_geometry({'a': 'carrier', 'b': 'carrier_bearing'})
[tool] query_pair_geometry({'a': 'carrier', 'b': 'output_indicator'})
[tool] query_pair_geometry({'a': 'carrier', 'b': 'planet_pin_1'})
[tool] query_pair_geometry({'a': 'carrier', 'b': 'planet_pin_2'})
[tool] query_pair_geometry({'a': 'carrier', 'b': 'planet_pin_3'})
[tool] query_pair_geometry({'a': 'carrier', 'b': 'planet_bushing_1'})
[tool] query_pair_geometry({'a': 'carrier', 'b': 'planet_bushing_2'})
[tool] query_pair_geometry({'a': 'carrier', 'b': 'planet_bushing_3'})
[tool] query_pair_geometry({'a': 'carrier', 'b': 'fixed_ring_gear'})
[tool] query_pair_geometry({'a': 'carrier', 'b': 'planet_gear_1'})
[tool] query_pair_geometry({'a': 'carrier', 'b': 'planet_gear_2'})
[tool] query_pair_geometry({'a': 'carrier', 'b': 'planet_gear_3'})
[tool] query_pair_geometry({'a': 'carrier', 'b': 'base'})
[tool] query_pair_geometry({'a': 'carrier', 'b': 'ring_post_1'})
[tool] query_pair_geometry({'a': 'carrier', 'b': 'ring_post_2'})
[tool] query_pair_geometry({'a': 'carrier', 'b': 'ring_post_3'})
[tool] query_pair_geometry({'a': 'carrier', 'b': 'crank_handle'})
[tool] query_pair_geometry({'a': 'carrier', 'b': 'input_crank'})
[tool] query_pair_geometry({'a': 'planet_gear_1', 'b': 'planet_pin_1'})
[tool] query_pair_geometry({'a': 'planet_gear_1', 'b': 'planet_bushing_1'})
[tool] query_pair_geometry({'a': 'planet_gear_1', 'b': 'fixed_ring_gear'})
[tool] query_pair_geometry({'a': 'planet_gear_1', 'b': 'crank_handle'})
[tool] query_pair_geometry({'a': 'planet_gear_1', 'b': 'planet_gear_2'})
[tool] query_pair_geometry({'a': 'planet_gear_1', 'b': 'planet_gear_3'})
[tool] query_pair_geometry({'a': 'planet_gear_1', 'b': 'output_indicator'})
[tool] query_pair_geometry({'a': 'planet_gear_1', 'b': 'input_crank'})
[tool] query_pair_geometry({'a': 'planet_gear_1', 'b': 'carrier_bearing'})
[tool] query_pair_geometry({'a': 'planet_gear_1', 'b': 'center_pedestal'})
[tool] query_pair_geometry({'a': 'planet_gear_1', 'b': 'ring_post_1'})
[tool] query_pair_geometry({'a': 'planet_gear_1', 'b': 'input_bearing'})
[tool] query_pair_geometry({'a': 'planet_gear_1', 'b': 'planet_bushing_2'})
[tool] query_pair_geometry({'a': 'planet_gear_1', 'b': 'planet_bushing_3'})
[tool] query_pair_geometry({'a': 'planet_gear_1', 'b': 'base'})
[tool] query_pair_geometry({'a': 'planet_gear_1', 'b': 'planet_pin_2'})
[tool] query_pair_geometry({'a': 'planet_gear_1', 'b': 'planet_pin_3'})
[tool] query_port_fit({'a': 'planet_pin_1', 'port_a': 'pin_axis', 'b': 'planet_bushing_1', 'port_b': 'pin_bore'})
[tool] query_port_fit({'a': 'planet_pin_2', 'port_a': 'pin_axis', 'b': 'planet_bushing_2', 'port_b': 'pin_bore'})
[tool] query_port_fit({'a': 'planet_pin_3', 'port_a': 'pin_axis', 'b': 'planet_bushing_3', 'port_b': 'pin_bore'})
[tool] query_pair_geometry({'a': 'planet_gear_2', 'b': 'planet_pin_2'})
[tool] query_pair_geometry({'a': 'planet_gear_2', 'b': 'planet_bushing_2'})
[tool] query_pair_geometry({'a': 'planet_gear_2', 'b': 'fixed_ring_gear'})
[tool] query_pair_geometry({'a': 'planet_gear_2', 'b': 'carrier_bearing'})
[tool] query_pair_geometry({'a': 'planet_gear_2', 'b': 'input_crank'})
[tool] query_pair_geometry({'a': 'planet_gear_2', 'b': 'center_pedestal'})
[tool] query_pair_geometry({'a': 'planet_gear_2', 'b': 'output_indicator'})
[tool] query_pair_geometry({'a': 'planet_gear_2', 'b': 'ring_post_2'})
[tool] query_pair_geometry({'a': 'planet_gear_2', 'b': 'planet_gear_3'})
[tool] query_pair_geometry({'a': 'planet_gear_2', 'b': 'input_bearing'})
[tool] query_pair_geometry({'a': 'planet_gear_2', 'b': 'planet_bushing_1'})
[tool] query_pair_geometry({'a': 'planet_gear_2', 'b': 'base'})
[tool] query_pair_geometry({'a': 'planet_gear_2', 'b': 'planet_pin_1'})
[tool] query_pair_geometry({'a': 'planet_gear_3', 'b': 'planet_pin_3'})
[tool] query_pair_geometry({'a': 'planet_gear_3', 'b': 'planet_bushing_3'})
[tool] query_pair_geometry({'a': 'planet_gear_3', 'b': 'fixed_ring_gear'})
[tool] query_pair_geometry({'a': 'planet_gear_3', 'b': 'carrier_bearing'})
[tool] query_pair_geometry({'a': 'planet_gear_3', 'b': 'input_crank'})
[tool] query_pair_geometry({'a': 'planet_gear_3', 'b': 'center_pedestal'})
[tool] query_pair_geometry({'a': 'planet_gear_3', 'b': 'output_indicator'})
[tool] query_pair_geometry({'a': 'planet_gear_3', 'b': 'ring_post_3'})
[tool] query_pair_geometry({'a': 'planet_gear_3', 'b': 'input_bearing'})
[tool] query_pair_geometry({'a': 'planet_gear_3', 'b': 'planet_bushing_1'})
[tool] query_pair_geometry({'a': 'planet_gear_3', 'b': 'base'})
[tool] query_pair_geometry({'a': 'planet_gear_3', 'b': 'planet_pin_1'})
[tool] query_pair_geometry({'a': 'output_indicator', 'b': 'center_pedestal'})
[tool] query_pair_geometry({'a': 'output_indicator', 'b': 'planet_pin_1'})
[tool] query_pair_geometry({'a': 'output_indicator', 'b': 'carrier_bearing'})
[tool] query_pair_geometry({'a': 'output_indicator', 'b': 'ring_post_1'})
[tool] query_pair_geometry({'a': 'output_indicator', 'b': 'planet_bushing_1'})
[tool] query_pair_geometry({'a': 'output_indicator', 'b': 'fixed_ring_gear'})
[tool] query_pair_geometry({'a': 'output_indicator', 'b': 'input_bearing'})
[tool] query_pair_geometry({'a': 'output_indicator', 'b': 'base'})
[tool] query_pair_geometry({'a': 'output_indicator', 'b': 'crank_handle'})
[tool] query_pair_geometry({'a': 'output_indicator', 'b': 'input_crank'})
[tool] query_pair_geometry({'a': 'fixed_ring_gear', 'b': 'ring_post_2'})
[tool] query_pair_geometry({'a': 'fixed_ring_gear', 'b': 'ring_post_3'})
[tool] query_motion_path({'source': 'fixed_ring_gear', 'target': 'ring_post_2'})
[tool] query_motion_path({'source': 'fixed_ring_gear', 'target': 'ring_post_3'})
[tool] query_pair_geometry({'a': 'planet_pin_1', 'b': 'planet_bushing_1'})
[tool] query_pair_geometry({'a': 'planet_pin_2', 'b': 'planet_bushing_2'})
[tool] query_pair_geometry({'a': 'planet_pin_3', 'b': 'planet_bushing_3'})
[tool] query_pair_geometry({'a': 'planet_pin_1', 'b': 'fixed_ring_gear'})
[tool] query_pair_geometry({'a': 'planet_pin_2', 'b': 'fixed_ring_gear'})
[tool] query_pair_geometry({'a': 'planet_pin_3', 'b': 'fixed_ring_gear'})
[tool] query_pair_geometry({'a': 'planet_bushing_1', 'b': 'fixed_ring_gear'})
[tool] query_pair_geometry({'a': 'planet_bushing_2', 'b': 'fixed_ring_gear'})
[tool] query_pair_geometry({'a': 'planet_bushing_3', 'b': 'fixed_ring_gear'})
[tool] query_pair_geometry({'a': 'planet_pin_2', 'b': 'center_pedestal'})
[tool] query_pair_geometry({'a': 'planet_pin_3', 'b': 'center_pedestal'})
[tool] query_pair_geometry({'a': 'planet_bushing_2', 'b': 'center_pedestal'})
[tool] query_pair_geometry({'a': 'planet_bushing_3', 'b': 'center_pedestal'})
[tool] query_pair_geometry({'a': 'input_crank', 'b': 'crank_handle'})
[tool] query_pair_geometry({'a': 'input_crank', 'b': 'planet_bushing_1'})
[tool] query_pair_geometry({'a': 'input_crank', 'b': 'fixed_ring_gear'})
[tool] query_pair_geometry({'a': 'input_crank', 'b': 'planet_pin_1'})
[tool] query_pair_geometry({'a': 'input_crank', 'b': 'planet_bushing_2'})
[tool] query_pair_geometry({'a': 'input_crank', 'b': 'planet_bushing_3'})
[tool] query_pair_geometry({'a': 'input_crank', 'b': 'planet_pin_2'})
[tool] query_pair_geometry({'a': 'input_crank', 'b': 'planet_pin_3'})
[tool] query_pair_geometry({'a': 'input_crank', 'b': 'carrier_bearing'})
[tool] query_pair_geometry({'a': 'crank_handle', 'b': 'planet_gear_1'})
[tool] query_pair_geometry({'a': 'planet_pin_1', 'b': 'output_indicator'})
[tool] query_pair_geometry({'a': 'planet_bushing_1', 'b': 'output_indicator'})
[tool] read_current_compiler({})
[tool] submit_compiler_source({'source': 'def compile_mjcf(facts, out):\n    adj = {\n        "input_shaft": ["center_pedestal","input_bearing","carrier_bearing","carrier","sun_gear","fixed_ring_gear","input_crank","base","planet_gear_2","planet_gear_3","planet_gear_1","output_indicator","planet_bushing_2","planet_bushing_3","planet_pin_2","planet_pin_3"],\n        "sun_gear": ["planet_gear_1","planet_gear_2","planet_gear_3","fixed_ring_gear","carrier","planet_bushing_2","planet_bushing_3","planet_pin_2","planet_pin_3","carrier_bearing","output_indicator","input_crank","center_pedestal","planet_bushing_1","planet_pin_1","crank_handle","input_bearing","base"],\n        "carrier": ["center_pedestal","input_bearing","carrier_bearing","output_indicator","planet_pin_1","planet_pin_2","planet_pin_3","planet_bushing_1","planet_bushing_2","planet_bushing_3","fixed_ring_gear","planet_gear_1","planet_gear_2","planet_gear_3","base","ring_post_2","ring_post_3","ring_post_1","crank_handle","input_crank"],\n        "planet_gear_1": ["planet_pin_1","planet_bushing_1","fixed_ring_gear","crank_handle","planet_gear_2","planet_gear_3","output_indicator","input_crank","carrier_bearing","center_pedestal","ring_post_1","input_bearing","planet_bushing_2","planet_bushing_3","base","planet_pin_2","planet_pin_3"],\n        "planet_gear_2": ["planet_pin_2","planet_bushing_2","fixed_ring_gear","carrier_bearing","input_crank","center_pedestal","output_indicator","ring_post_2","planet_gear_3","input_bearing","planet_bushing_1","base","planet_pin_1"],\n        "planet_gear_3": ["planet_pin_3","planet_bushing_3","fixed_ring_gear","carrier_bearing","input_crank","center_pedestal","output_indicator","ring_post_3","input_bearing","planet_bushing_1","base","planet_pin_1"],\n        "output_indicator": ["center_pedestal","planet_pin_1","carrier_bearing","ring_post_1","planet_bushing_1","fixed_ring_gear","input_bearing","base","crank_handle","input_crank"],\n        "planet_pin_1": ["planet_bushing_1","fixed_ring_gear"],\n        "planet_pin_2": ["planet_bushing_2","fixed_ring_gear","center_pedestal"],\n        "planet_pin_3": ["planet_bushing_3","fixed_ring_gear","center_pedestal"],\n        "planet_bushing_1": ["fixed_ring_gear"],\n        "planet_bushing_2": ["fixed_ring_gear","center_pedestal"],\n        "planet_bushing_3": ["fixed_ring_gear","center_pedestal"],\n        "input_crank": ["crank_handle","planet_bushing_1","fixed_ring_gear","planet_pin_1","planet_bushing_2","planet_bushing_3","planet_pin_2","planet_pin_3","carrier_bearing"],\n        "crank_handle": ["planet_gear_1"]\n    }\n    pd = {}\n    for a in adj:\n        for b in adj[a]:\n            x, y = (a,b) if a < b else (b,a)\n            pd[x+"|"+y] = {"pair":[x,y],"action":"keep","reason":"Measured nearby pair; positive three-axis AABB overlap or uncertain real overlap is retained unless an exact idealized interface applies.","source_entity_ids":["link/"+x,"link/"+y],"fact_ids":["nearby/"+x+"/"+y,"pair/"+x+"/"+y]}\n    extra = [("center_pedestal","input_bearing"),("center_pedestal","carrier_bearing")]\n    for a,b in extra:\n        x,y=(a,b) if a<b else (b,a)\n        pd[x+"|"+y]={"pair":[x,y],"action":"keep","reason":"Authored fit relation was investigated pair-specifically.","source_entity_ids":["link/"+x,"link/"+y],"fact_ids":["pair/"+x+"/"+y]}\n    false_pairs = [\n        ("base","input_shaft"),("input_shaft","planet_gear_1"),("input_shaft","planet_gear_2"),("input_shaft","planet_gear_3"),("input_shaft","output_indicator"),("input_shaft","planet_bushing_2"),("input_shaft","planet_bushing_3"),("input_shaft","planet_pin_2"),("input_shaft","planet_pin_3"),\n        ("carrier","sun_gear"),("sun_gear","planet_bushing_1"),("sun_gear","planet_bushing_2"),("sun_gear","planet_bushing_3"),("sun_gear","planet_pin_1"),("sun_gear","planet_pin_2"),("sun_gear","planet_pin_3"),("sun_gear","carrier_bearing"),("sun_gear","output_indicator"),("sun_gear","input_crank"),("sun_gear","center_pedestal"),("sun_gear","crank_handle"),("sun_gear","input_bearing"),("sun_gear","base"),\n        ("carrier","planet_gear_1"),("carrier","planet_gear_2"),("carrier","planet_gear_3"),("carrier","base"),("carrier","ring_post_1"),("carrier","ring_post_2"),("carrier","ring_post_3"),("carrier","crank_handle"),("carrier","input_crank"),\n        ("planet_gear_1","crank_handle"),("planet_gear_1","planet_gear_2"),("planet_gear_1","planet_gear_3"),("planet_gear_1","output_indicator"),("planet_gear_1","input_crank"),("planet_gear_1","carrier_bearing"),("planet_gear_1","center_pedestal"),("planet_gear_1","ring_post_1"),("planet_gear_1","input_bearing"),("planet_gear_1","planet_bushing_2"),("planet_gear_1","planet_bushing_3"),("planet_gear_1","base"),("planet_gear_1","planet_pin_2"),("planet_gear_1","planet_pin_3"),\n        ("planet_gear_2","carrier_bearing"),("planet_gear_2","input_crank"),("planet_gear_2","center_pedestal"),("planet_gear_2","output_indicator"),("planet_gear_2","ring_post_2"),("planet_gear_2","planet_gear_3"),("planet_gear_2","input_bearing"),("planet_gear_2","planet_bushing_1"),("planet_gear_2","base"),("planet_gear_2","planet_pin_1"),\n        ("planet_gear_3","carrier_bearing"),("planet_gear_3","input_crank"),("planet_gear_3","center_pedestal"),("planet_gear_3","output_indicator"),("planet_gear_3","ring_post_3"),("planet_gear_3","input_bearing"),("planet_gear_3","planet_bushing_1"),("planet_gear_3","base"),("planet_gear_3","planet_pin_1"),\n        ("output_indicator","carrier_bearing"),("output_indicator","ring_post_1"),("output_indicator","planet_bushing_1"),("output_indicator","fixed_ring_gear"),("output_indicator","input_bearing"),("output_indicator","base"),("output_indicator","crank_handle"),("output_indicator","input_crank"),\n        ("planet_pin_2","center_pedestal"),("planet_pin_3","center_pedestal"),("planet_bushing_2","center_pedestal"),("planet_bushing_3","center_pedestal"),("input_crank","planet_bushing_1"),("input_crank","fixed_ring_gear"),("input_crank","planet_pin_1"),("input_crank","planet_bushing_2"),("input_crank","planet_bushing_3"),("input_crank","planet_pin_2"),("input_crank","planet_pin_3"),("input_crank","carrier_bearing")\n    ]\n    for a,b in false_pairs:\n        x,y=(a,b) if a<b else (b,a)\n        q=pd[x+"|"+y]\n        q["action"]="exclude"\n        q["reason"]="Measured real surfaces are separated and at least one placed AABB overlap extent is zero; exclude this exact collision-proxy false-contact pair."\n    exact = [\n        ("center_pedestal","input_bearing","relation/input_bearing_in_pedestal","fit/center_pedestal/input_bearing_seat/input_bearing/outer_race","Declared press fit is rigidly carried."),\n        ("input_bearing","input_shaft","relation/input_shaft_lower_journal","fit/input_bearing/shaft_journal/input_shaft/lower_journal","Measured positive clearance journal is represented by the input hinge."),\n        ("input_shaft","sun_gear","relation/sun_to_input_shaft_press_fit","fit/input_shaft/sun_press_seat/sun_gear/shaft_bore","Measured interference press fit is rigidly carried."),\n        ("center_pedestal","carrier_bearing","relation/carrier_bearing_on_pedestal","fit/center_pedestal/carrier_bearing_seat/carrier_bearing/pedestal_bore","Measured clearance fit is represented in the fixed support topology."),\n        ("carrier_bearing","carrier","relation/carrier_on_central_bearing","fit/carrier_bearing/carrier_journal/carrier/central_bore","Declared journal is represented by the carrier hinge."),\n        ("planet_bushing_1","planet_gear_1","relation/planet_1_bushing_journal","fit/planet_bushing_1/gear_journal/planet_gear_1/bearing_bore","Declared planet journal is represented by the planet hinge."),\n        ("planet_bushing_2","planet_gear_2","relation/planet_2_bushing_journal","fit/planet_bushing_2/gear_journal/planet_gear_2/bearing_bore","Declared planet journal is represented by the planet hinge."),\n        ("planet_bushing_3","planet_gear_3","relation/planet_3_bushing_journal","fit/planet_bushing_3/gear_journal/planet_gear_3/bearing_bore","Declared planet journal is represented by the planet hinge."),\n        ("sun_gear","planet_gear_1","relation/sun_planet_1_mesh","fit/sun_gear/planet_mesh_1/planet_gear_1/sun_mesh","Exact authored tooth mesh is replaced by planetary equalities."),\n        ("sun_gear","planet_gear_2","relation/sun_planet_2_mesh","fit/sun_gear/planet_mesh_2/planet_gear_2/sun_mesh","Exact authored tooth mesh is replaced by planetary equalities."),\n        ("sun_gear","planet_gear_3","relation/sun_planet_3_mesh","fit/sun_gear/planet_mesh_3/planet_gear_3/sun_mesh","Exact authored tooth mesh is replaced by planetary equalities."),\n        ("fixed_ring_gear","planet_gear_1","planetary_stage/four_to_one_planetary_stage","fit/planet_gear_1/ring_mesh/fixed_ring_gear/internal_mesh_1","Exact planetary internal mesh is replaced by planetary equalities."),\n        ("fixed_ring_gear","planet_gear_2","planetary_stage/four_to_one_planetary_stage","fit/planet_gear_2/ring_mesh/fixed_ring_gear/internal_mesh_2","Exact planetary internal mesh is replaced by planetary equalities."),\n        ("fixed_ring_gear","planet_gear_3","planetary_stage/four_to_one_planetary_stage","fit/planet_gear_3/ring_mesh/fixed_ring_gear/internal_mesh_3","Exact planetary internal mesh is replaced by planetary equalities.")\n    ]\n    for a,b,s,f,r in exact:\n        x,y=(a,b) if a<b else (b,a)\n        q=pd[x+"|"+y]\n        q["action"]="exclude"; q["reason"]=r; q["source_entity_ids"]=[s]; q["fact_ids"]=[f,"pair/"+x+"/"+y]\n    contacts=[]\n    for k in pd:\n        contacts.append(pd[k])\n    cmap={"base":None,"center_pedestal":None,"input_bearing":None,"carrier_bearing":None,"input_shaft":"input_shaft_world_hinge","sun_gear":"input_shaft_world_hinge","carrier":"carrier_world_hinge","output_indicator":"carrier_world_hinge","planet_pin_1":"carrier_world_hinge","planet_pin_2":"carrier_world_hinge","planet_pin_3":"carrier_world_hinge","planet_bushing_1":"carrier_world_hinge","planet_bushing_2":"carrier_world_hinge","planet_bushing_3":"carrier_world_hinge","planet_gear_1":"planet_1_carrier_hinge","planet_gear_2":"planet_2_carrier_hinge","planet_gear_3":"planet_3_carrier_hinge","ring_post_1":None,"ring_post_2":None,"ring_post_3":None,"fixed_ring_gear":None,"input_crank":"input_shaft_world_hinge","crank_handle":"input_shaft_world_hinge"}\n    tree=[("base",""),("center_pedestal","base"),("input_bearing","center_pedestal"),("carrier_bearing","center_pedestal"),("ring_post_1","base"),("ring_post_2","base"),("ring_post_3","base"),("fixed_ring_gear","ring_post_1"),("input_shaft","input_bearing"),("sun_gear","input_shaft"),("input_crank","input_shaft"),("crank_handle","input_crank"),("carrier","carrier_bearing"),("output_indicator","carrier"),("planet_pin_1","carrier"),("planet_bushing_1","planet_pin_1"),("planet_pin_2","carrier"),("planet_bushing_2","planet_pin_2"),("planet_pin_3","carrier"),("planet_bushing_3","planet_pin_3"),("planet_gear_1","carrier"),("planet_gear_2","carrier"),("planet_gear_3","carrier")]\n    plan={"coordinate_map":cmap,"tree_edges":tree,"closure_edges":["eq_planetary_carrier","eq_planet_1","eq_planet_2","eq_planet_3"],"rigid_carried":[["input_shaft","sun_gear"],["input_shaft","input_crank"],["input_crank","crank_handle"],["carrier","output_indicator"],["carrier","planet_pin_1"],["carrier","planet_pin_2"],["carrier","planet_pin_3"],["carrier","planet_bushing_1"],["carrier","planet_bushing_2"],["carrier","planet_bushing_3"]],"independent_coaxial":[["input_shaft","carrier"]],"transmissions":[{"name":"input_shaft_to_sun","ratio":1.0,"strategy":"rigid press fit"},{"name":"four_to_one_planetary_stage","ratio":0.25,"strategy":"joint equalities"}],"contact_decisions":contacts,"support_ground":"base rests on global ground; ground retained","support_strategy":"Normal fixed base topology is already gravity-supported; no support patch is required."}\n    out.topology_plan(plan)\n    for n,p in tree:\n        out.body(n,p)\n        if n=="input_shaft": out.joint(n,"input_shaft_world_hinge",kind="hinge",axis=(0,0,1),pos_mm=(0,0,0),frame="world")\n        if n=="carrier": out.joint(n,"carrier_world_hinge",kind="hinge",axis=(0,0,1),pos_mm=(0,0,0),frame="world")\n        if n=="planet_gear_1": out.joint(n,"planet_1_carrier_hinge",kind="hinge",axis=(0,0,1),pos_mm=(27,0,0),frame="world")\n        if n=="planet_gear_2": out.joint(n,"planet_2_carrier_hinge",kind="hinge",axis=(0,0,1),pos_mm=(-13.5,23.3827,0),frame="world")\n        if n=="planet_gear_3": out.joint(n,"planet_3_carrier_hinge",kind="hinge",axis=(0,0,1),pos_mm=(-13.5,-23.3827,0),frame="world")\n    out.joint_equality("eq_planetary_carrier","input_shaft_world_hinge","carrier_world_hinge",0.25,reason="Fixed 54-tooth ring with 18-tooth sun gives carrier=(18/(18+54))*sun.",sources=["planetary_stage/four_to_one_planetary_stage"],fact_ids=["planetary_stage/four_to_one_planetary_stage"])\n    for i in (1,2,3):\n        out.joint_equality("eq_planet_"+str(i),"carrier_world_hinge","planet_"+str(i)+"_carrier_hinge",-3.0,reason="Fixed-ring planetary kinematics: local planet spin is -54/18 times carrier rotation.",sources=["planetary_stage/four_to_one_planetary_stage","relation/sun_planet_"+str(i)+"_mesh"],fact_ids=["planetary_stage/four_to_one_planetary_stage","relation/sun_planet_"+str(i)+"_mesh"])\n    for k in pd:\n        q=pd[k]\n        if q["action"]=="exclude": out.exclude(q["pair"][0],q["pair"][1],q["reason"],q["source_entity_ids"],q["fact_ids"])\n    for e in facts["entity_ids"]:\n        if e[:5]=="link/": out.decision(e,action="emitted",generated_nodes=[e[5:]],reason="Immutable authored link emitted exactly once in the selected spanning tree.",fact_ids=[e])\n        else: out.decision(e,action="represented_by",generated_nodes=[],reason="Authored fact represented by the selected body tree, coordinates, planetary equalities, contact classification, or role map.",fact_ids=[e])\n', 'expected_revision': 0})
[tool] run_mjcf_gate({})
[tool] read_current_compiler({})
[tool] submit_compiler_source({'source': 'def compile_mjcf(facts, out):\n    moving="input_shaft sun_gear carrier planet_gear_1 planet_gear_2 planet_gear_3 output_indicator planet_pin_1 planet_pin_2 planet_pin_3 planet_bushing_1 planet_bushing_2 planet_bushing_3 input_crank crank_handle".split()\n    nearby={\n    "input_shaft":"center_pedestal input_bearing carrier_bearing carrier sun_gear fixed_ring_gear input_crank base planet_gear_2 planet_gear_3 planet_gear_1 output_indicator planet_bushing_2 planet_bushing_3 planet_pin_2 planet_pin_3",\n    "sun_gear":"planet_gear_1 planet_gear_2 planet_gear_3 fixed_ring_gear carrier planet_bushing_2 planet_bushing_3 planet_pin_2 planet_pin_3 carrier_bearing output_indicator input_crank center_pedestal planet_bushing_1 planet_pin_1 crank_handle input_bearing base",\n    "carrier":"center_pedestal input_bearing carrier_bearing output_indicator planet_pin_1 planet_pin_2 planet_pin_3 planet_bushing_1 planet_bushing_2 planet_bushing_3 fixed_ring_gear planet_gear_1 planet_gear_2 planet_gear_3 base ring_post_2 ring_post_3 ring_post_1 crank_handle input_crank",\n    "planet_gear_1":"planet_pin_1 planet_bushing_1 fixed_ring_gear crank_handle planet_gear_2 planet_gear_3 output_indicator input_crank carrier_bearing center_pedestal ring_post_1 input_bearing planet_bushing_2 planet_bushing_3 base planet_pin_2 planet_pin_3",\n    "planet_gear_2":"planet_pin_2 planet_bushing_2 fixed_ring_gear carrier_bearing input_crank center_pedestal output_indicator ring_post_2 planet_gear_3 input_bearing planet_bushing_1 base planet_pin_1",\n    "planet_gear_3":"planet_pin_3 planet_bushing_3 fixed_ring_gear carrier_bearing input_crank center_pedestal output_indicator ring_post_3 input_bearing planet_bushing_1 base planet_pin_1",\n    "output_indicator":"center_pedestal planet_pin_1 carrier_bearing ring_post_1 planet_bushing_1 fixed_ring_gear input_bearing base crank_handle input_crank",\n    "planet_pin_1":"planet_bushing_1 fixed_ring_gear","planet_pin_2":"planet_bushing_2 fixed_ring_gear center_pedestal","planet_pin_3":"planet_bushing_3 fixed_ring_gear center_pedestal",\n    "planet_bushing_1":"fixed_ring_gear","planet_bushing_2":"fixed_ring_gear center_pedestal","planet_bushing_3":"fixed_ring_gear center_pedestal",\n    "input_crank":"crank_handle planet_bushing_1 fixed_ring_gear planet_pin_1 planet_bushing_2 planet_bushing_3 planet_pin_2 planet_pin_3 carrier_bearing","crank_handle":"planet_gear_1"}\n    pd={}\n    for a in nearby:\n        for b in nearby[a].split():\n            x,y=(a,b) if a<b else (b,a); k=x+"|"+y\n            pd[k]={"pair":[x,y],"action":"keep","reason":"Pair-specific nearby geometry was measured; contact is retained where real overlap is possible or uncertain.","source_entity_ids":["link/"+x,"link/"+y],"fact_ids":["nearby/"+x+"/"+y,"pair/"+x+"/"+y]}\n    for a,b in (("center_pedestal","input_bearing"),("center_pedestal","carrier_bearing")):\n        x,y=(a,b) if a<b else (b,a); pd[x+"|"+y]={"pair":[x,y],"action":"keep","reason":"Authored fit relation investigated pair-specifically.","source_entity_ids":["link/"+x,"link/"+y],"fact_ids":["pair/"+x+"/"+y]}\n    fs="base,input_shaft;input_shaft,planet_gear_1;input_shaft,planet_gear_2;input_shaft,planet_gear_3;input_shaft,output_indicator;input_shaft,planet_bushing_2;input_shaft,planet_bushing_3;input_shaft,planet_pin_2;input_shaft,planet_pin_3;carrier,sun_gear;sun_gear,planet_bushing_1;sun_gear,planet_bushing_2;sun_gear,planet_bushing_3;sun_gear,planet_pin_1;sun_gear,planet_pin_2;sun_gear,planet_pin_3;sun_gear,carrier_bearing;sun_gear,output_indicator;sun_gear,input_crank;sun_gear,center_pedestal;sun_gear,crank_handle;sun_gear,input_bearing;sun_gear,base;carrier,planet_gear_1;carrier,planet_gear_2;carrier,planet_gear_3;carrier,base;carrier,ring_post_1;carrier,ring_post_2;carrier,ring_post_3;carrier,crank_handle;carrier,input_crank;planet_gear_1,crank_handle;planet_gear_1,planet_gear_2;planet_gear_1,planet_gear_3;planet_gear_1,output_indicator;planet_gear_1,input_crank;planet_gear_1,carrier_bearing;planet_gear_1,center_pedestal;planet_gear_1,ring_post_1;planet_gear_1,input_bearing;planet_gear_1,planet_bushing_2;planet_gear_1,planet_bushing_3;planet_gear_1,base;planet_gear_1,planet_pin_2;planet_gear_1,planet_pin_3;planet_gear_2,carrier_bearing;planet_gear_2,input_crank;planet_gear_2,center_pedestal;planet_gear_2,output_indicator;planet_gear_2,ring_post_2;planet_gear_2,planet_gear_3;planet_gear_2,input_bearing;planet_gear_2,planet_bushing_1;planet_gear_2,base;planet_gear_2,planet_pin_1;planet_gear_3,carrier_bearing;planet_gear_3,input_crank;planet_gear_3,center_pedestal;planet_gear_3,output_indicator;planet_gear_3,ring_post_3;planet_gear_3,input_bearing;planet_gear_3,planet_bushing_1;planet_gear_3,base;planet_gear_3,planet_pin_1;output_indicator,carrier_bearing;output_indicator,ring_post_1;output_indicator,planet_bushing_1;output_indicator,fixed_ring_gear;output_indicator,input_bearing;output_indicator,base;output_indicator,crank_handle;output_indicator,input_crank;planet_pin_2,center_pedestal;planet_pin_3,center_pedestal;planet_bushing_2,center_pedestal;planet_bushing_3,center_pedestal;input_crank,planet_bushing_1;input_crank,fixed_ring_gear;input_crank,planet_pin_1;input_crank,planet_bushing_2;input_crank,planet_bushing_3;input_crank,planet_pin_2;input_crank,planet_pin_3;input_crank,carrier_bearing"\n    for z in fs.split(";"):\n        a,b=z.split(","); x,y=(a,b) if a<b else (b,a); q=pd[x+"|"+y]; q["action"]="exclude"; q["reason"]="Measured surfaces are separated and a placed AABB overlap extent is zero; exact collision-proxy false-contact pair excluded."\n    exact=[("center_pedestal","input_bearing","relation/input_bearing_in_pedestal","fit/center_pedestal/input_bearing_seat/input_bearing/outer_race","Declared press fit is rigidly carried."),("input_bearing","input_shaft","relation/input_shaft_lower_journal","fit/input_bearing/shaft_journal/input_shaft/lower_journal","Positive-clearance journal is replaced by the input hinge."),("input_shaft","sun_gear","relation/sun_to_input_shaft_press_fit","fit/input_shaft/sun_press_seat/sun_gear/shaft_bore","Measured interference press fit is rigidly carried."),("center_pedestal","carrier_bearing","relation/carrier_bearing_on_pedestal","fit/center_pedestal/carrier_bearing_seat/carrier_bearing/pedestal_bore","Declared running fit is represented by fixed radial support topology.")]\n    for i in (1,2,3): exact.append(("sun_gear","planet_gear_"+str(i),"relation/sun_planet_"+str(i)+"_mesh","fit/sun_gear/planet_mesh_"+str(i)+"/planet_gear_"+str(i)+"/sun_mesh","Exact authored tooth mesh is replaced by planetary equalities."))\n    for a,b,s,f,r in exact:\n        x,y=(a,b) if a<b else (b,a); q=pd[x+"|"+y]; q["action"]="exclude"; q["reason"]=r; q["source_entity_ids"]=[s]; q["fact_ids"]=[f,"pair/"+x+"/"+y]\n    contacts=[]\n    for k in pd: contacts.append(pd[k])\n    cmap={}\n    for n in facts["links"]: cmap[n]=None\n    cmap.update({"input_shaft":"input_shaft_world_hinge","sun_gear":"input_shaft_world_hinge","input_crank":"input_shaft_world_hinge","crank_handle":"input_shaft_world_hinge","carrier":"carrier_world_hinge","output_indicator":"carrier_world_hinge","planet_pin_1":"carrier_world_hinge","planet_pin_2":"carrier_world_hinge","planet_pin_3":"carrier_world_hinge","planet_bushing_1":"carrier_world_hinge","planet_bushing_2":"carrier_world_hinge","planet_bushing_3":"carrier_world_hinge","planet_gear_1":"planet_1_carrier_hinge","planet_gear_2":"planet_2_carrier_hinge","planet_gear_3":"planet_3_carrier_hinge"})\n    tree=[("base",""),("center_pedestal","base"),("input_bearing","center_pedestal"),("carrier_bearing","center_pedestal"),("ring_post_1","base"),("ring_post_2","base"),("ring_post_3","base"),("fixed_ring_gear","ring_post_1"),("input_shaft","input_bearing"),("sun_gear","input_shaft"),("input_crank","input_shaft"),("crank_handle","input_crank"),("carrier","carrier_bearing"),("output_indicator","carrier"),("planet_pin_1","carrier"),("planet_bushing_1","planet_pin_1"),("planet_pin_2","carrier"),("planet_bushing_2","planet_pin_2"),("planet_pin_3","carrier"),("planet_bushing_3","planet_pin_3"),("planet_gear_1","carrier"),("planet_gear_2","carrier"),("planet_gear_3","carrier")]\n    out.topology_plan({"coordinate_map":cmap,"tree_edges":tree,"closure_edges":["eq_planetary_carrier","eq_planet_1","eq_planet_2","eq_planet_3"],"rigid_carried":[["input_shaft","sun_gear"],["input_shaft","input_crank"],["input_crank","crank_handle"],["carrier","output_indicator"],["carrier","planet_pin_1"],["carrier","planet_pin_2"],["carrier","planet_pin_3"],["carrier","planet_bushing_1"],["carrier","planet_bushing_2"],["carrier","planet_bushing_3"]],"independent_coaxial":[["input_shaft","carrier"]],"transmissions":[{"name":"input_shaft_to_sun","ratio":1.0},{"name":"four_to_one_planetary_stage","ratio":0.25}],"contact_decisions":contacts,"support_ground":"base rests on retained global ground","support_strategy":"fixed base tree supports normal and gravity probes"})\n    for n,p in tree:\n        out.body(n,p)\n        if n=="input_shaft": out.joint(n,"input_shaft_world_hinge",axis=(0,0,1),pos_mm=(0,0,0),frame="world")\n        if n=="carrier": out.joint(n,"carrier_world_hinge",axis=(0,0,1),pos_mm=(0,0,0),frame="world")\n        if n[:12]=="planet_gear_":\n            i=int(n[-1]); ps=((27,0,0),(-13.5,23.3827,0),(-13.5,-23.3827,0)); out.joint(n,"planet_"+str(i)+"_carrier_hinge",axis=(0,0,1),pos_mm=ps[i-1],frame="world")\n    out.joint_equality("eq_planetary_carrier","input_shaft_world_hinge","carrier_world_hinge",0.25,reason="Fixed 54-tooth ring and 18-tooth sun give 4:1 reduction.",sources=["planetary_stage/four_to_one_planetary_stage"],fact_ids=["planetary_stage/four_to_one_planetary_stage"])\n    for i in (1,2,3): out.joint_equality("eq_planet_"+str(i),"carrier_world_hinge","planet_"+str(i)+"_carrier_hinge",-3.0,reason="Fixed-ring local planet spin is -54/18 times carrier.",sources=["planetary_stage/four_to_one_planetary_stage","relation/sun_planet_"+str(i)+"_mesh"],fact_ids=["planetary_stage/four_to_one_planetary_stage","relation/sun_planet_"+str(i)+"_mesh"])\n    for k in pd:\n        q=pd[k]\n        if q["action"]=="exclude": out.exclude(q["pair"][0],q["pair"][1],q["reason"],q["source_entity_ids"],q["fact_ids"])\n    for e in facts["entity_ids"]:\n        if e[:5]=="link/": out.decision(e,action="emitted",generated_nodes=[e[5:]],reason="Authored link emitted exactly once.",fact_ids=[e])\n        else: out.decision(e,action="represented_by",generated_nodes=["base"],reason="Authored entity represented by the emitted topology, coordinates, equalities, contact decisions, or role map.",fact_ids=[e])\n', 'expected_revision': 1})
[tool] submit_compiler_source({'source': 'def compile_mjcf(facts, out):\n    adj={\n    "input_shaft":["center_pedestal","input_bearing","carrier_bearing","carrier","sun_gear","fixed_ring_gear","input_crank","base","planet_gear_2","planet_gear_3","planet_gear_1","output_indicator","planet_bushing_2","planet_bushing_3","planet_pin_2","planet_pin_3"],\n    "sun_gear":["planet_gear_1","planet_gear_2","planet_gear_3","fixed_ring_gear","carrier","planet_bushing_2","planet_bushing_3","planet_pin_2","planet_pin_3","carrier_bearing","output_indicator","input_crank","center_pedestal","planet_bushing_1","planet_pin_1","crank_handle","input_bearing","base"],\n    "carrier":["center_pedestal","input_bearing","carrier_bearing","output_indicator","planet_pin_1","planet_pin_2","planet_pin_3","planet_bushing_1","planet_bushing_2","planet_bushing_3","fixed_ring_gear","planet_gear_1","planet_gear_2","planet_gear_3","base","ring_post_2","ring_post_3","ring_post_1","crank_handle","input_crank"],\n    "planet_gear_1":["planet_pin_1","planet_bushing_1","fixed_ring_gear","crank_handle","planet_gear_2","planet_gear_3","output_indicator","input_crank","carrier_bearing","center_pedestal","ring_post_1","input_bearing","planet_bushing_2","planet_bushing_3","base","planet_pin_2","planet_pin_3"],\n    "planet_gear_2":["planet_pin_2","planet_bushing_2","fixed_ring_gear","carrier_bearing","input_crank","center_pedestal","output_indicator","ring_post_2","planet_gear_3","input_bearing","planet_bushing_1","base","planet_pin_1"],\n    "planet_gear_3":["planet_pin_3","planet_bushing_3","fixed_ring_gear","carrier_bearing","input_crank","center_pedestal","output_indicator","ring_post_3","input_bearing","planet_bushing_1","base","planet_pin_1"],\n    "output_indicator":["center_pedestal","planet_pin_1","carrier_bearing","ring_post_1","planet_bushing_1","fixed_ring_gear","input_bearing","base","crank_handle","input_crank"],\n    "planet_pin_1":["planet_bushing_1","fixed_ring_gear"],"planet_pin_2":["planet_bushing_2","fixed_ring_gear","center_pedestal"],"planet_pin_3":["planet_bushing_3","fixed_ring_gear","center_pedestal"],\n    "planet_bushing_1":["fixed_ring_gear"],"planet_bushing_2":["fixed_ring_gear","center_pedestal"],"planet_bushing_3":["fixed_ring_gear","center_pedestal"],\n    "input_crank":["crank_handle","planet_bushing_1","fixed_ring_gear","planet_pin_1","planet_bushing_2","planet_bushing_3","planet_pin_2","planet_pin_3","carrier_bearing"],"crank_handle":["planet_gear_1"]}\n    pd={}\n    for a in adj:\n        for b in adj[a]:\n            x,y=(a,b) if a<b else (b,a); k=x+"|"+y\n            pd[k]={"pair":[x,y],"action":"keep","reason":"Pair-specific nearby geometry measured; contact retained where real overlap is possible or uncertain.","source_entity_ids":["link/"+x,"link/"+y],"fact_ids":["nearby/"+x+"/"+y,"pair/"+x+"/"+y]}\n    for a,b in [("center_pedestal","input_bearing"),("center_pedestal","carrier_bearing")]:\n        x,y=(a,b) if a<b else (b,a); pd[x+"|"+y]={"pair":[x,y],"action":"keep","reason":"Authored fit investigated pair-specifically.","source_entity_ids":["link/"+x,"link/"+y],"fact_ids":["pair/"+x+"/"+y]}\n    fp=[("base","input_shaft"),("input_shaft","planet_gear_1"),("input_shaft","planet_gear_2"),("input_shaft","planet_gear_3"),("input_shaft","output_indicator"),("input_shaft","planet_bushing_2"),("input_shaft","planet_bushing_3"),("input_shaft","planet_pin_2"),("input_shaft","planet_pin_3"),("carrier","sun_gear"),("sun_gear","planet_bushing_1"),("sun_gear","planet_bushing_2"),("sun_gear","planet_bushing_3"),("sun_gear","planet_pin_1"),("sun_gear","planet_pin_2"),("sun_gear","planet_pin_3"),("sun_gear","carrier_bearing"),("sun_gear","output_indicator"),("sun_gear","input_crank"),("sun_gear","center_pedestal"),("sun_gear","crank_handle"),("sun_gear","input_bearing"),("sun_gear","base"),("carrier","planet_gear_1"),("carrier","planet_gear_2"),("carrier","planet_gear_3"),("carrier","base"),("carrier","ring_post_1"),("carrier","ring_post_2"),("carrier","ring_post_3"),("carrier","crank_handle"),("carrier","input_crank"),("planet_gear_1","crank_handle"),("planet_gear_1","planet_gear_2"),("planet_gear_1","planet_gear_3"),("planet_gear_1","output_indicator"),("planet_gear_1","input_crank"),("planet_gear_1","carrier_bearing"),("planet_gear_1","center_pedestal"),("planet_gear_1","ring_post_1"),("planet_gear_1","input_bearing"),("planet_gear_1","planet_bushing_2"),("planet_gear_1","planet_bushing_3"),("planet_gear_1","base"),("planet_gear_1","planet_pin_2"),("planet_gear_1","planet_pin_3"),("planet_gear_2","carrier_bearing"),("planet_gear_2","input_crank"),("planet_gear_2","center_pedestal"),("planet_gear_2","output_indicator"),("planet_gear_2","ring_post_2"),("planet_gear_2","planet_gear_3"),("planet_gear_2","input_bearing"),("planet_gear_2","planet_bushing_1"),("planet_gear_2","base"),("planet_gear_2","planet_pin_1"),("planet_gear_3","carrier_bearing"),("planet_gear_3","input_crank"),("planet_gear_3","center_pedestal"),("planet_gear_3","output_indicator"),("planet_gear_3","ring_post_3"),("planet_gear_3","input_bearing"),("planet_gear_3","planet_bushing_1"),("planet_gear_3","base"),("planet_gear_3","planet_pin_1"),("output_indicator","carrier_bearing"),("output_indicator","ring_post_1"),("output_indicator","planet_bushing_1"),("output_indicator","fixed_ring_gear"),("output_indicator","input_bearing"),("output_indicator","base"),("output_indicator","crank_handle"),("output_indicator","input_crank"),("planet_pin_2","center_pedestal"),("planet_pin_3","center_pedestal"),("planet_bushing_2","center_pedestal"),("planet_bushing_3","center_pedestal"),("input_crank","planet_bushing_1"),("input_crank","fixed_ring_gear"),("input_crank","planet_pin_1"),("input_crank","planet_bushing_2"),("input_crank","planet_bushing_3"),("input_crank","planet_pin_2"),("input_crank","planet_pin_3"),("input_crank","carrier_bearing")]\n    for a,b in fp:\n        x,y=(a,b) if a<b else (b,a); q=pd[x+"|"+y]; q["action"]="exclude"; q["reason"]="Measured surfaces separated with a zero AABB overlap extent; exact collision-proxy false-contact pair excluded."\n    exact=[("center_pedestal","input_bearing","relation/input_bearing_in_pedestal","fit/center_pedestal/input_bearing_seat/input_bearing/outer_race","Declared press fit rigidly carried."),("input_bearing","input_shaft","relation/input_shaft_lower_journal","fit/input_bearing/shaft_journal/input_shaft/lower_journal","Positive-clearance journal replaced by input hinge."),("input_shaft","sun_gear","relation/sun_to_input_shaft_press_fit","fit/input_shaft/sun_press_seat/sun_gear/shaft_bore","Measured interference press fit rigidly carried."),("center_pedestal","carrier_bearing","relation/carrier_bearing_on_pedestal","fit/center_pedestal/carrier_bearing_seat/carrier_bearing/pedestal_bore","Declared running fit represented by support topology.")]\n    for i in (1,2,3): exact.append(("sun_gear","planet_gear_"+str(i),"relation/sun_planet_"+str(i)+"_mesh","fit/sun_gear/planet_mesh_"+str(i)+"/planet_gear_"+str(i)+"/sun_mesh","Exact tooth mesh replaced by planetary equalities."))\n    for a,b,s,f,r in exact:\n        x,y=(a,b) if a<b else (b,a); q=pd[x+"|"+y]; q["action"]="exclude"; q["reason"]=r; q["source_entity_ids"]=[s]; q["fact_ids"]=[f,"pair/"+x+"/"+y]\n    contacts=[]\n    for k in pd: contacts.append(pd[k])\n    cmap={}\n    for n in facts["links"]: cmap[n]=None\n    cmap["input_shaft"]="input_shaft_world_hinge"; cmap["sun_gear"]="input_shaft_world_hinge"; cmap["input_crank"]="input_shaft_world_hinge"; cmap["crank_handle"]="input_shaft_world_hinge"\n    for n in ["carrier","output_indicator","planet_pin_1","planet_pin_2","planet_pin_3","planet_bushing_1","planet_bushing_2","planet_bushing_3"]: cmap[n]="carrier_world_hinge"\n    for i in (1,2,3): cmap["planet_gear_"+str(i)]="planet_"+str(i)+"_carrier_hinge"\n    tree=[("base",""),("center_pedestal","base"),("input_bearing","center_pedestal"),("carrier_bearing","center_pedestal"),("ring_post_1","base"),("ring_post_2","base"),("ring_post_3","base"),("fixed_ring_gear","ring_post_1"),("input_shaft","input_bearing"),("sun_gear","input_shaft"),("input_crank","input_shaft"),("crank_handle","input_crank"),("carrier","carrier_bearing"),("output_indicator","carrier"),("planet_pin_1","carrier"),("planet_bushing_1","planet_pin_1"),("planet_pin_2","carrier"),("planet_bushing_2","planet_pin_2"),("planet_pin_3","carrier"),("planet_bushing_3","planet_pin_3"),("planet_gear_1","carrier"),("planet_gear_2","carrier"),("planet_gear_3","carrier")]\n    out.topology_plan({"coordinate_map":cmap,"tree_edges":tree,"closure_edges":["eq_planetary_carrier","eq_planet_1","eq_planet_2","eq_planet_3"],"rigid_carried":[["input_shaft","sun_gear"],["input_shaft","input_crank"],["input_crank","crank_handle"],["carrier","output_indicator"],["carrier","planet_pin_1"],["carrier","planet_pin_2"],["carrier","planet_pin_3"],["carrier","planet_bushing_1"],["carrier","planet_bushing_2"],["carrier","planet_bushing_3"]],"independent_coaxial":[["input_shaft","carrier"]],"transmissions":[{"name":"input_shaft_to_sun","ratio":1.0},{"name":"four_to_one_planetary_stage","ratio":0.25}],"contact_decisions":contacts,"support_ground":"base rests on retained global ground","support_strategy":"fixed base tree supports gravity probe"})\n    for n,p in tree:\n        out.body(n,p)\n        if n=="input_shaft": out.joint(n,"input_shaft_world_hinge",axis=(0,0,1),pos_mm=(0,0,0),frame="world")\n        if n=="carrier": out.joint(n,"carrier_world_hinge",axis=(0,0,1),pos_mm=(0,0,0),frame="world")\n        if n=="planet_gear_1": out.joint(n,"planet_1_carrier_hinge",axis=(0,0,1),pos_mm=(27,0,0),frame="world")\n        if n=="planet_gear_2": out.joint(n,"planet_2_carrier_hinge",axis=(0,0,1),pos_mm=(-13.5,23.3827,0),frame="world")\n        if n=="planet_gear_3": out.joint(n,"planet_3_carrier_hinge",axis=(0,0,1),pos_mm=(-13.5,-23.3827,0),frame="world")\n    out.joint_equality("eq_planetary_carrier","input_shaft_world_hinge","carrier_world_hinge",0.25,reason="Fixed 54-tooth ring and 18-tooth sun give 4:1 reduction.",sources=["planetary_stage/four_to_one_planetary_stage"],fact_ids=["planetary_stage/four_to_one_planetary_stage"])\n    for i in (1,2,3): out.joint_equality("eq_planet_"+str(i),"carrier_world_hinge","planet_"+str(i)+"_carrier_hinge",-3.0,reason="Fixed-ring local planet spin is -54/18 times carrier.",sources=["planetary_stage/four_to_one_planetary_stage","relation/sun_planet_"+str(i)+"_mesh"],fact_ids=["planetary_stage/four_to_one_planetary_stage","relation/sun_planet_"+str(i)+"_mesh"])\n    for k in pd:\n        q=pd[k]\n        if q["action"]=="exclude": out.exclude(q["pair"][0],q["pair"][1],q["reason"],q["source_entity_ids"],q["fact_ids"])\n    for e in facts["entity_ids"]:\n        if e[:5]=="link/": out.decision(e,action="emitted",generated_nodes=[e[5:]],reason="Authored link emitted exactly once.",fact_ids=[e])\n        else: out.decision(e,action="represented_by",generated_nodes=["base"],reason="Authored entity represented by emitted topology, coordinates, equalities, contacts, or roles.",fact_ids=[e])\n', 'expected_revision': 1})
[tool] run_mjcf_gate({})
[tool] read_current_compiler({})
[tool] submit_compiler_source({'source': 'def compile_mjcf(facts,out):\n    near={"input_shaft":["center_pedestal","input_bearing","carrier_bearing","carrier","sun_gear","fixed_ring_gear","input_crank","base","planet_gear_2","planet_gear_3","planet_gear_1","output_indicator","planet_bushing_2","planet_bushing_3","planet_pin_2","planet_pin_3"],"sun_gear":["planet_gear_1","planet_gear_2","planet_gear_3","fixed_ring_gear","carrier","planet_bushing_2","planet_bushing_3","planet_pin_2","planet_pin_3","carrier_bearing","output_indicator","input_crank","center_pedestal","planet_bushing_1","planet_pin_1","crank_handle","input_bearing","base"],"carrier":["center_pedestal","input_bearing","carrier_bearing","output_indicator","planet_pin_1","planet_pin_2","planet_pin_3","planet_bushing_1","planet_bushing_2","planet_bushing_3","fixed_ring_gear","planet_gear_1","planet_gear_2","planet_gear_3","base","ring_post_2","ring_post_3","ring_post_1","crank_handle","input_crank"],"planet_gear_1":["planet_pin_1","planet_bushing_1","fixed_ring_gear","crank_handle","planet_gear_2","planet_gear_3","output_indicator","input_crank","carrier_bearing","center_pedestal","ring_post_1","input_bearing","planet_bushing_2","planet_bushing_3","base","planet_pin_2","planet_pin_3"],"planet_gear_2":["planet_pin_2","planet_bushing_2","fixed_ring_gear","carrier_bearing","input_crank","center_pedestal","output_indicator","ring_post_2","planet_gear_3","input_bearing","planet_bushing_1","base","planet_pin_1"],"planet_gear_3":["planet_pin_3","planet_bushing_3","fixed_ring_gear","carrier_bearing","input_crank","center_pedestal","output_indicator","ring_post_3","input_bearing","planet_bushing_1","base","planet_pin_1"],"output_indicator":["center_pedestal","planet_pin_1","carrier_bearing","ring_post_1","planet_bushing_1","fixed_ring_gear","input_bearing","base","crank_handle","input_crank"],"planet_pin_1":["planet_bushing_1","fixed_ring_gear"],"planet_pin_2":["planet_bushing_2","fixed_ring_gear","center_pedestal"],"planet_pin_3":["planet_bushing_3","fixed_ring_gear","center_pedestal"],"planet_bushing_1":["fixed_ring_gear"],"planet_bushing_2":["fixed_ring_gear","center_pedestal"],"planet_bushing_3":["fixed_ring_gear","center_pedestal"],"input_crank":["crank_handle","planet_bushing_1","fixed_ring_gear","planet_pin_1","planet_bushing_2","planet_bushing_3","planet_pin_2","planet_pin_3","carrier_bearing"],"crank_handle":["planet_gear_1"]}\n    pd={}\n    for a in near:\n        for b in near[a]:\n            x,y=(a,b) if a<b else (b,a); k=x+"|"+y\n            pd[k]={"pair":[x,y],"action":"keep","reason":"Pair-specific placed geometry investigated; uncertain or potentially real contact retained.","source_entity_ids":["link/"+x,"link/"+y],"fact_ids":["nearby/"+x+"/"+y,"pair/"+x+"/"+y]}\n    for r in facts["relations"]:\n        a=r["base_part"]; b=r["incoming_part"]; x,y=(a,b) if a<b else (b,a); k=x+"|"+y\n        if k not in pd: pd[k]={"pair":[x,y],"action":"keep","reason":"Authored relation investigated pair-specifically.","source_entity_ids":[],"fact_ids":["pair/"+x+"/"+y]}\n        pd[k]["source_entity_ids"]=pd[k]["source_entity_ids"]+["relation/"+r["name"]]\n        pd[k]["fact_ids"]=pd[k]["fact_ids"]+["relation/"+r["name"]]\n    ideal=[("center_pedestal","input_bearing","relation/input_bearing_in_pedestal","fit/center_pedestal/input_bearing_seat/input_bearing/outer_race","Press fit rigidly carried."),("input_bearing","input_shaft","relation/input_shaft_lower_journal","fit/input_bearing/shaft_journal/input_shaft/lower_journal","Clearance journal replaced by hinge."),("input_shaft","sun_gear","relation/sun_to_input_shaft_press_fit","fit/input_shaft/sun_press_seat/sun_gear/shaft_bore","Interference press fit rigidly carried."),("center_pedestal","carrier_bearing","relation/carrier_bearing_on_pedestal","fit/center_pedestal/carrier_bearing_seat/carrier_bearing/pedestal_bore","Running fit replaced by support topology.")]\n    for i in (1,2,3): ideal.append(("sun_gear","planet_gear_"+str(i),"relation/sun_planet_"+str(i)+"_mesh","fit/sun_gear/planet_mesh_"+str(i)+"/planet_gear_"+str(i)+"/sun_mesh","Exact gear mesh replaced by equality."))\n    for a,b,s,f,r in ideal:\n        x,y=(a,b) if a<b else (b,a); q=pd[x+"|"+y]; q["action"]="exclude"; q["reason"]=r; q["source_entity_ids"]=[s]; q["fact_ids"]=[f,"pair/"+x+"/"+y]\n    contacts=[]\n    for k in pd: contacts.append(pd[k])\n    cmap={}\n    for n in facts["links"]: cmap[n]=None\n    for n in ["input_shaft","sun_gear","input_crank","crank_handle"]: cmap[n]="input_shaft_world_hinge"\n    for n in ["carrier","output_indicator","planet_pin_1","planet_pin_2","planet_pin_3","planet_bushing_1","planet_bushing_2","planet_bushing_3"]: cmap[n]="carrier_world_hinge"\n    for i in (1,2,3): cmap["planet_gear_"+str(i)]="planet_"+str(i)+"_carrier_hinge"\n    tree=[("base",""),("center_pedestal","base"),("input_bearing","center_pedestal"),("carrier_bearing","center_pedestal"),("ring_post_1","base"),("ring_post_2","base"),("ring_post_3","base"),("fixed_ring_gear","ring_post_1"),("input_shaft","input_bearing"),("sun_gear","input_shaft"),("input_crank","input_shaft"),("crank_handle","input_crank"),("carrier","carrier_bearing"),("output_indicator","carrier"),("planet_pin_1","carrier"),("planet_bushing_1","planet_pin_1"),("planet_pin_2","carrier"),("planet_bushing_2","planet_pin_2"),("planet_pin_3","carrier"),("planet_bushing_3","planet_pin_3"),("planet_gear_1","carrier"),("planet_gear_2","carrier"),("planet_gear_3","carrier")]\n    out.topology_plan({"coordinate_map":cmap,"tree_edges":tree,"closure_edges":["eq_carrier","eq_p1","eq_p2","eq_p3"],"rigid_carried":[["input_shaft","sun_gear"],["input_shaft","input_crank"],["input_crank","crank_handle"],["carrier","output_indicator"],["carrier","planet_pin_1"],["carrier","planet_pin_2"],["carrier","planet_pin_3"],["carrier","planet_bushing_1"],["carrier","planet_bushing_2"],["carrier","planet_bushing_3"]],"independent_coaxial":[["input_shaft","carrier"]],"transmissions":[{"name":"input_shaft_to_sun","ratio":1.0},{"name":"four_to_one_planetary_stage","ratio":0.25}],"contact_decisions":contacts,"support_ground":"base rests on retained global ground","support_strategy":"fixed base tree supplies support"})\n    for n,p in tree:\n        out.body(n,p)\n        if n=="input_shaft": out.joint(n,"input_shaft_world_hinge",axis=(0,0,1),pos_mm=(0,0,0),frame="world")\n        if n=="carrier": out.joint(n,"carrier_world_hinge",axis=(0,0,1),pos_mm=(0,0,0),frame="world")\n        if n=="planet_gear_1": out.joint(n,"planet_1_carrier_hinge",axis=(0,0,1),pos_mm=(27,0,0),frame="world")\n        if n=="planet_gear_2": out.joint(n,"planet_2_carrier_hinge",axis=(0,0,1),pos_mm=(-13.5,23.3827,0),frame="world")\n        if n=="planet_gear_3": out.joint(n,"planet_3_carrier_hinge",axis=(0,0,1),pos_mm=(-13.5,-23.3827,0),frame="world")\n    out.joint_equality("eq_carrier","input_shaft_world_hinge","carrier_world_hinge",.25,reason="Fixed-ring 4:1 stage.",sources=["planetary_stage/four_to_one_planetary_stage"],fact_ids=["planetary_stage/four_to_one_planetary_stage"])\n    for i in (1,2,3): out.joint_equality("eq_p"+str(i),"carrier_world_hinge","planet_"+str(i)+"_carrier_hinge",-3,reason="Fixed-ring planet spin.",sources=["planetary_stage/four_to_one_planetary_stage","relation/sun_planet_"+str(i)+"_mesh"],fact_ids=["planetary_stage/four_to_one_planetary_stage","relation/sun_planet_"+str(i)+"_mesh"])\n    for k in pd:\n        q=pd[k]\n        if q["action"]=="exclude": out.exclude(q["pair"][0],q["pair"][1],q["reason"],q["source_entity_ids"],q["fact_ids"])\n    for e in facts["entity_ids"]:\n        if e[:5]=="link/": out.decision(e,action="emitted",generated_nodes=[e[5:]],reason="Link emitted exactly once.",fact_ids=[e])\n        else: out.decision(e,action="represented_by",generated_nodes=["base"],reason="Entity represented by emitted topology, equalities, contacts, or role map.",fact_ids=[e])\n', 'expected_revision': 2})
[tool] run_mjcf_gate({})
[tool] submit_compiler_source({'source': 'def compile_mjcf(facts,out):\n    near={"input_shaft":["center_pedestal","input_bearing","carrier_bearing","carrier","sun_gear","fixed_ring_gear","input_crank","base","planet_gear_2","planet_gear_3","planet_gear_1","output_indicator","planet_bushing_2","planet_bushing_3","planet_pin_2","planet_pin_3"],"sun_gear":["planet_gear_1","planet_gear_2","planet_gear_3","fixed_ring_gear","carrier","planet_bushing_2","planet_bushing_3","planet_pin_2","planet_pin_3","carrier_bearing","output_indicator","input_crank","center_pedestal","planet_bushing_1","planet_pin_1","crank_handle","input_bearing","base"],"carrier":["center_pedestal","input_bearing","carrier_bearing","output_indicator","planet_pin_1","planet_pin_2","planet_pin_3","planet_bushing_1","planet_bushing_2","planet_bushing_3","fixed_ring_gear","planet_gear_1","planet_gear_2","planet_gear_3","base","ring_post_2","ring_post_3","ring_post_1","crank_handle","input_crank"],"planet_gear_1":["planet_pin_1","planet_bushing_1","fixed_ring_gear","crank_handle","planet_gear_2","planet_gear_3","output_indicator","input_crank","carrier_bearing","center_pedestal","ring_post_1","input_bearing","planet_bushing_2","planet_bushing_3","base","planet_pin_2","planet_pin_3"],"planet_gear_2":["planet_pin_2","planet_bushing_2","fixed_ring_gear","carrier_bearing","input_crank","center_pedestal","output_indicator","ring_post_2","planet_gear_3","input_bearing","planet_bushing_1","base","planet_pin_1"],"planet_gear_3":["planet_pin_3","planet_bushing_3","fixed_ring_gear","carrier_bearing","input_crank","center_pedestal","output_indicator","ring_post_3","input_bearing","planet_bushing_1","base","planet_pin_1"],"output_indicator":["center_pedestal","planet_pin_1","carrier_bearing","ring_post_1","planet_bushing_1","fixed_ring_gear","input_bearing","base","crank_handle","input_crank"],"planet_pin_1":["planet_bushing_1","fixed_ring_gear"],"planet_pin_2":["planet_bushing_2","fixed_ring_gear","center_pedestal"],"planet_pin_3":["planet_bushing_3","fixed_ring_gear","center_pedestal"],"planet_bushing_1":["fixed_ring_gear"],"planet_bushing_2":["fixed_ring_gear","center_pedestal"],"planet_bushing_3":["fixed_ring_gear","center_pedestal"],"input_crank":["crank_handle","planet_bushing_1","fixed_ring_gear","planet_pin_1","planet_bushing_2","planet_bushing_3","planet_pin_2","planet_pin_3","carrier_bearing"],"crank_handle":["planet_gear_1"]}\n    pd={}\n    for a in near:\n        for b in near[a]:\n            x,y=(a,b) if a<b else (b,a); k=x+"|"+y\n            pd[k]={"pair":[x,y],"action":"keep","reason":"Pair-specific placed geometry investigated; uncertain or potentially real contact retained.","source_entity_ids":["link/"+x,"link/"+y],"fact_ids":["nearby/"+x+"/"+y,"pair/"+x+"/"+y]}\n    rel=[("center_pedestal","input_bearing","input_bearing_in_pedestal"),("input_bearing","input_shaft","input_shaft_lower_journal"),("input_shaft","sun_gear","sun_to_input_shaft_press_fit"),("center_pedestal","carrier_bearing","carrier_bearing_on_pedestal"),("carrier_bearing","carrier","carrier_on_central_bearing"),("sun_gear","planet_gear_1","sun_planet_1_mesh"),("sun_gear","planet_gear_2","sun_planet_2_mesh"),("sun_gear","planet_gear_3","sun_planet_3_mesh"),("planet_bushing_1","planet_gear_1","planet_1_bushing_journal"),("planet_bushing_2","planet_gear_2","planet_2_bushing_journal"),("planet_bushing_3","planet_gear_3","planet_3_bushing_journal")]\n    for a,b,n in rel:\n        x,y=(a,b) if a<b else (b,a); k=x+"|"+y\n        if k not in pd: pd[k]={"pair":[x,y],"action":"keep","reason":"Authored relation investigated; contact retained because overlap is possible or uncertain.","source_entity_ids":[],"fact_ids":["pair/"+x+"/"+y]}\n        pd[k]["source_entity_ids"]=pd[k]["source_entity_ids"]+["relation/"+n]; pd[k]["fact_ids"]=pd[k]["fact_ids"]+["relation/"+n]\n    ideal=[("center_pedestal","input_bearing","relation/input_bearing_in_pedestal","fit/center_pedestal/input_bearing_seat/input_bearing/outer_race","Press fit rigidly carried."),("input_bearing","input_shaft","relation/input_shaft_lower_journal","fit/input_bearing/shaft_journal/input_shaft/lower_journal","Clearance journal replaced by hinge."),("input_shaft","sun_gear","relation/sun_to_input_shaft_press_fit","fit/input_shaft/sun_press_seat/sun_gear/shaft_bore","Interference press fit rigidly carried."),("center_pedestal","carrier_bearing","relation/carrier_bearing_on_pedestal","fit/center_pedestal/carrier_bearing_seat/carrier_bearing/pedestal_bore","Running fit replaced by support topology.")]\n    for i in (1,2,3): ideal.append(("sun_gear","planet_gear_"+str(i),"relation/sun_planet_"+str(i)+"_mesh","fit/sun_gear/planet_mesh_"+str(i)+"/planet_gear_"+str(i)+"/sun_mesh","Exact gear mesh replaced by equality."))\n    for a,b,s,f,r in ideal:\n        x,y=(a,b) if a<b else (b,a); q=pd[x+"|"+y]; q["action"]="exclude"; q["reason"]=r; q["source_entity_ids"]=[s]; q["fact_ids"]=[f,"pair/"+x+"/"+y]\n    contacts=[]\n    for k in pd: contacts.append(pd[k])\n    cmap={}\n    for n in facts["links"]: cmap[n]=None\n    for n in ["input_shaft","sun_gear","input_crank","crank_handle"]: cmap[n]="input_shaft_world_hinge"\n    for n in ["carrier","output_indicator","planet_pin_1","planet_pin_2","planet_pin_3","planet_bushing_1","planet_bushing_2","planet_bushing_3"]: cmap[n]="carrier_world_hinge"\n    for i in (1,2,3): cmap["planet_gear_"+str(i)]="planet_"+str(i)+"_carrier_hinge"\n    tree=[("base",""),("center_pedestal","base"),("input_bearing","center_pedestal"),("carrier_bearing","center_pedestal"),("ring_post_1","base"),("ring_post_2","base"),("ring_post_3","base"),("fixed_ring_gear","ring_post_1"),("input_shaft","input_bearing"),("sun_gear","input_shaft"),("input_crank","input_shaft"),("crank_handle","input_crank"),("carrier","carrier_bearing"),("output_indicator","carrier"),("planet_pin_1","carrier"),("planet_bushing_1","planet_pin_1"),("planet_pin_2","carrier"),("planet_bushing_2","planet_pin_2"),("planet_pin_3","carrier"),("planet_bushing_3","planet_pin_3"),("planet_gear_1","carrier"),("planet_gear_2","carrier"),("planet_gear_3","carrier")]\n    out.topology_plan({"coordinate_map":cmap,"tree_edges":tree,"closure_edges":["eq_carrier","eq_p1","eq_p2","eq_p3"],"rigid_carried":[["input_shaft","sun_gear"],["input_shaft","input_crank"],["input_crank","crank_handle"],["carrier","output_indicator"],["carrier","planet_pin_1"],["carrier","planet_pin_2"],["carrier","planet_pin_3"],["carrier","planet_bushing_1"],["carrier","planet_bushing_2"],["carrier","planet_bushing_3"]],"independent_coaxial":[["input_shaft","carrier"]],"transmissions":[{"name":"input_shaft_to_sun","ratio":1.0},{"name":"four_to_one_planetary_stage","ratio":0.25}],"contact_decisions":contacts,"support_ground":"base rests on retained global ground","support_strategy":"fixed base tree supplies support"})\n    for n,p in tree:\n        out.body(n,p)\n        if n=="input_shaft": out.joint(n,"input_shaft_world_hinge",axis=(0,0,1),pos_mm=(0,0,0),frame="world")\n        if n=="carrier": out.joint(n,"carrier_world_hinge",axis=(0,0,1),pos_mm=(0,0,0),frame="world")\n        if n=="planet_gear_1": out.joint(n,"planet_1_carrier_hinge",axis=(0,0,1),pos_mm=(27,0,0),frame="world")\n        if n=="planet_gear_2": out.joint(n,"planet_2_carrier_hinge",axis=(0,0,1),pos_mm=(-13.5,23.3827,0),frame="world")\n        if n=="planet_gear_3": out.joint(n,"planet_3_carrier_hinge",axis=(0,0,1),pos_mm=(-13.5,-23.3827,0),frame="world")\n    out.joint_equality("eq_carrier","input_shaft_world_hinge","carrier_world_hinge",.25,reason="Fixed-ring 4:1 stage.",sources=["planetary_stage/four_to_one_planetary_stage"],fact_ids=["planetary_stage/four_to_one_planetary_stage"])\n    for i in (1,2,3): out.joint_equality("eq_p"+str(i),"carrier_world_hinge","planet_"+str(i)+"_carrier_hinge",-3,reason="Fixed-ring planet spin.",sources=["planetary_stage/four_to_one_planetary_stage","relation/sun_planet_"+str(i)+"_mesh"],fact_ids=["planetary_stage/four_to_one_planetary_stage","relation/sun_planet_"+str(i)+"_mesh"])\n    for k in pd:\n        q=pd[k]\n        if q["action"]=="exclude": out.exclude(q["pair"][0],q["pair"][1],q["reason"],q["source_entity_ids"],q["fact_ids"])\n    for e in facts["entity_ids"]:\n        if e[:5]=="link/": out.decision(e,action="emitted",generated_nodes=[e[5:]],reason="Link emitted exactly once.",fact_ids=[e])\n        else: out.decision(e,action="represented_by",generated_nodes=["base"],reason="Entity represented by emitted topology, equalities, contacts, or role map.",fact_ids=[e])\n', 'expected_revision': 3})
[tool] run_mjcf_gate({})
[tool] submit_compiler_source({'source': 'def compile_mjcf(facts,out):\n    near={"input_shaft":["center_pedestal","input_bearing","carrier_bearing","carrier","sun_gear","fixed_ring_gear","input_crank","base","planet_gear_2","planet_gear_3","planet_gear_1","output_indicator","planet_bushing_2","planet_bushing_3","planet_pin_2","planet_pin_3"],"sun_gear":["planet_gear_1","planet_gear_2","planet_gear_3","fixed_ring_gear","carrier","planet_bushing_2","planet_bushing_3","planet_pin_2","planet_pin_3","carrier_bearing","output_indicator","input_crank","center_pedestal","planet_bushing_1","planet_pin_1","crank_handle","input_bearing","base"],"carrier":["center_pedestal","input_bearing","carrier_bearing","output_indicator","planet_pin_1","planet_pin_2","planet_pin_3","planet_bushing_1","planet_bushing_2","planet_bushing_3","fixed_ring_gear","planet_gear_1","planet_gear_2","planet_gear_3","base","ring_post_2","ring_post_3","ring_post_1","crank_handle","input_crank"],"planet_gear_1":["planet_pin_1","planet_bushing_1","fixed_ring_gear","crank_handle","planet_gear_2","planet_gear_3","output_indicator","input_crank","carrier_bearing","center_pedestal","ring_post_1","input_bearing","planet_bushing_2","planet_bushing_3","base","planet_pin_2","planet_pin_3"],"planet_gear_2":["planet_pin_2","planet_bushing_2","fixed_ring_gear","carrier_bearing","input_crank","center_pedestal","output_indicator","ring_post_2","planet_gear_3","input_bearing","planet_bushing_1","base","planet_pin_1"],"planet_gear_3":["planet_pin_3","planet_bushing_3","fixed_ring_gear","carrier_bearing","input_crank","center_pedestal","output_indicator","ring_post_3","input_bearing","planet_bushing_1","base","planet_pin_1"],"output_indicator":["center_pedestal","planet_pin_1","carrier_bearing","ring_post_1","planet_bushing_1","fixed_ring_gear","input_bearing","base","crank_handle","input_crank"],"planet_pin_1":["planet_bushing_1","fixed_ring_gear"],"planet_pin_2":["planet_bushing_2","fixed_ring_gear","center_pedestal"],"planet_pin_3":["planet_bushing_3","fixed_ring_gear","center_pedestal"],"planet_bushing_1":["fixed_ring_gear"],"planet_bushing_2":["fixed_ring_gear","center_pedestal"],"planet_bushing_3":["fixed_ring_gear","center_pedestal"],"input_crank":["crank_handle","planet_bushing_1","fixed_ring_gear","planet_pin_1","planet_bushing_2","planet_bushing_3","planet_pin_2","planet_pin_3","carrier_bearing"],"crank_handle":["planet_gear_1"]}\n    pd={}\n    for a in near:\n        for b in near[a]:\n            x,y=(a,b) if a<b else (b,a); pd[x+"|"+y]={"pair":[x,y],"action":"keep","reason":"Pair-specific nearby geometry investigated; contact retained unless an ideal interface or runtime-separated false contact applies.","source_entity_ids":["link/"+x,"link/"+y],"fact_ids":["nearby/"+x+"/"+y,"pair/"+x+"/"+y]}\n    rel=[("center_pedestal","input_bearing","input_bearing_in_pedestal"),("input_bearing","input_shaft","input_shaft_lower_journal"),("input_shaft","sun_gear","sun_to_input_shaft_press_fit"),("center_pedestal","carrier_bearing","carrier_bearing_on_pedestal"),("carrier_bearing","carrier","carrier_on_central_bearing"),("sun_gear","planet_gear_1","sun_planet_1_mesh"),("sun_gear","planet_gear_2","sun_planet_2_mesh"),("sun_gear","planet_gear_3","sun_planet_3_mesh"),("planet_bushing_1","planet_gear_1","planet_1_bushing_journal"),("planet_bushing_2","planet_gear_2","planet_2_bushing_journal"),("planet_bushing_3","planet_gear_3","planet_3_bushing_journal")]\n    for a,b,n in rel:\n        x,y=(a,b) if a<b else (b,a); k=x+"|"+y\n        if k not in pd: pd[k]={"pair":[x,y],"action":"keep","reason":"Authored relation investigated; uncertain overlap retained.","source_entity_ids":[],"fact_ids":["pair/"+x+"/"+y]}\n        pd[k]["source_entity_ids"]=pd[k]["source_entity_ids"]+["relation/"+n]; pd[k]["fact_ids"]=pd[k]["fact_ids"]+["relation/"+n]\n    ideal=[("center_pedestal","input_bearing","relation/input_bearing_in_pedestal","fit/center_pedestal/input_bearing_seat/input_bearing/outer_race","Press fit rigidly carried."),("input_bearing","input_shaft","relation/input_shaft_lower_journal","fit/input_bearing/shaft_journal/input_shaft/lower_journal","Clearance journal replaced by hinge."),("input_shaft","sun_gear","relation/sun_to_input_shaft_press_fit","fit/input_shaft/sun_press_seat/sun_gear/shaft_bore","Interference press fit rigidly carried."),("center_pedestal","carrier_bearing","relation/carrier_bearing_on_pedestal","fit/center_pedestal/carrier_bearing_seat/carrier_bearing/pedestal_bore","Running fit replaced by support topology."),("carrier_bearing","carrier","relation/carrier_on_central_bearing","fit/carrier_bearing/carrier_journal/carrier/central_bore","Declared carrier journal replaced by hinge.")]\n    for i in (1,2,3): ideal.append(("sun_gear","planet_gear_"+str(i),"relation/sun_planet_"+str(i)+"_mesh","fit/sun_gear/planet_mesh_"+str(i)+"/planet_gear_"+str(i)+"/sun_mesh","Exact sun mesh replaced by equality."))\n    for a,b,s,f,r in ideal:\n        x,y=(a,b) if a<b else (b,a); q=pd[x+"|"+y]; q["action"]="exclude"; q["reason"]=r; q["source_entity_ids"]=[s]; q["fact_ids"]=[f,"pair/"+x+"/"+y]\n    runtime=[("fixed_ring_gear","input_shaft"),("carrier","input_shaft"),("fixed_ring_gear","planet_pin_1"),("fixed_ring_gear","planet_pin_2"),("fixed_ring_gear","planet_pin_3")]\n    for a,b in runtime:\n        x,y=(a,b) if a<b else (b,a); q=pd[x+"|"+y]; q["action"]="exclude"; q["reason"]="Dynamic gate found high-impulse false contact while measured real surfaces are positively separated; no contact-dependent function."; q["source_entity_ids"]=["link/"+x,"link/"+y]; q["fact_ids"]=["pair/"+x+"/"+y,"nearby/"+x+"/"+y]\n    for i in (1,2,3):\n        a="fixed_ring_gear"; b="planet_gear_"+str(i); x,y=(a,b) if a<b else (b,a); q=pd[x+"|"+y]; q["action"]="exclude"; q["reason"]="Exact fixed-ring planetary mesh replaced by ideal equalities; runtime confirms contact distortion."; q["source_entity_ids"]=["planetary_stage/four_to_one_planetary_stage"]; q["fact_ids"]=["fit/planet_gear_"+str(i)+"/ring_mesh/fixed_ring_gear/internal_mesh_"+str(i),"pair/"+x+"/"+y]\n    contacts=[]\n    for k in pd: contacts.append(pd[k])\n    cmap={}\n    for n in facts["links"]: cmap[n]=None\n    for n in ["input_shaft","sun_gear","input_crank","crank_handle"]: cmap[n]="input_shaft_world_hinge"\n    for n in ["carrier","output_indicator","planet_pin_1","planet_pin_2","planet_pin_3","planet_bushing_1","planet_bushing_2","planet_bushing_3"]: cmap[n]="carrier_world_hinge"\n    for i in (1,2,3): cmap["planet_gear_"+str(i)]="planet_"+str(i)+"_carrier_hinge"\n    tree=[("base",""),("center_pedestal","base"),("input_bearing","center_pedestal"),("carrier_bearing","center_pedestal"),("ring_post_1","base"),("ring_post_2","base"),("ring_post_3","base"),("fixed_ring_gear","ring_post_1"),("input_shaft","input_bearing"),("sun_gear","input_shaft"),("input_crank","input_shaft"),("crank_handle","input_crank"),("carrier","carrier_bearing"),("output_indicator","carrier"),("planet_pin_1","carrier"),("planet_bushing_1","planet_pin_1"),("planet_pin_2","carrier"),("planet_bushing_2","planet_pin_2"),("planet_pin_3","carrier"),("planet_bushing_3","planet_pin_3"),("planet_gear_1","carrier"),("planet_gear_2","carrier"),("planet_gear_3","carrier")]\n    out.topology_plan({"coordinate_map":cmap,"tree_edges":tree,"closure_edges":["eq_carrier","eq_p1","eq_p2","eq_p3"],"rigid_carried":[["input_shaft","sun_gear"],["input_shaft","input_crank"],["input_crank","crank_handle"],["carrier","output_indicator"],["carrier","planet_pin_1"],["carrier","planet_pin_2"],["carrier","planet_pin_3"],["carrier","planet_bushing_1"],["carrier","planet_bushing_2"],["carrier","planet_bushing_3"]],"independent_coaxial":[["input_shaft","carrier"]],"transmissions":[{"name":"input_shaft_to_sun","ratio":1.0},{"name":"four_to_one_planetary_stage","ratio":0.25}],"contact_decisions":contacts,"support_ground":"base rests on retained global ground","support_strategy":"fixed base tree supplies support"})\n    for n,p in tree:\n        out.body(n,p)\n        if n=="input_shaft": out.joint(n,"input_shaft_world_hinge",axis=(0,0,1),pos_mm=(0,0,0),frame="world")\n        if n=="carrier": out.joint(n,"carrier_world_hinge",axis=(0,0,1),pos_mm=(0,0,0),frame="world")\n        if n=="planet_gear_1": out.joint(n,"planet_1_carrier_hinge",axis=(0,0,1),pos_mm=(27,0,0),frame="world")\n        if n=="planet_gear_2": out.joint(n,"planet_2_carrier_hinge",axis=(0,0,1),pos_mm=(-13.5,23.3827,0),frame="world")\n        if n=="planet_gear_3": out.joint(n,"planet_3_carrier_hinge",axis=(0,0,1),pos_mm=(-13.5,-23.3827,0),frame="world")\n    out.joint_equality("eq_carrier","input_shaft_world_hinge","carrier_world_hinge",.25,reason="Fixed-ring 4:1 stage.",sources=["planetary_stage/four_to_one_planetary_stage"],fact_ids=["planetary_stage/four_to_one_planetary_stage"])\n    for i in (1,2,3): out.joint_equality("eq_p"+str(i),"carrier_world_hinge","planet_"+str(i)+"_carrier_hinge",-3,reason="Fixed-ring planet spin.",sources=["planetary_stage/four_to_one_planetary_stage","relation/sun_planet_"+str(i)+"_mesh"],fact_ids=["planetary_stage/four_to_one_planetary_stage","relation/sun_planet_"+str(i)+"_mesh"])\n    for k in pd:\n        q=pd[k]\n        if q["action"]=="exclude": out.exclude(q["pair"][0],q["pair"][1],q["reason"],q["source_entity_ids"],q["fact_ids"])\n    for e in facts["entity_ids"]:\n        if e[:5]=="link/": out.decision(e,action="emitted",generated_nodes=[e[5:]],reason="Link emitted exactly once.",fact_ids=[e])\n        else: out.decision(e,action="represented_by",generated_nodes=["base"],reason="Entity represented by emitted topology, equalities, contacts, or role map.",fact_ids=[e])\n', 'expected_revision': 4})
[tool] run_mjcf_gate({})
[tool] read_mjcf_gate_report({})
[tool] submit_compiler_source({'source': 'def compile_mjcf(facts,out):\n    groups={"input_shaft":["center_pedestal","input_bearing","carrier_bearing","carrier","sun_gear","fixed_ring_gear","input_crank","base","planet_gear_2","planet_gear_3","planet_gear_1","output_indicator","planet_bushing_2","planet_bushing_3","planet_pin_2","planet_pin_3"],"sun_gear":["planet_gear_1","planet_gear_2","planet_gear_3","fixed_ring_gear","carrier","planet_bushing_2","planet_bushing_3","planet_pin_2","planet_pin_3","carrier_bearing","output_indicator","input_crank","center_pedestal","planet_bushing_1","planet_pin_1","crank_handle","input_bearing","base"],"carrier":["center_pedestal","input_bearing","carrier_bearing","output_indicator","planet_pin_1","planet_pin_2","planet_pin_3","planet_bushing_1","planet_bushing_2","planet_bushing_3","fixed_ring_gear","planet_gear_1","planet_gear_2","planet_gear_3","base","ring_post_2","ring_post_3","ring_post_1","crank_handle","input_crank"],"planet_gear_1":["planet_pin_1","planet_bushing_1","fixed_ring_gear","crank_handle","planet_gear_2","planet_gear_3","output_indicator","input_crank","carrier_bearing","center_pedestal","ring_post_1","input_bearing","planet_bushing_2","planet_bushing_3","base","planet_pin_2","planet_pin_3"],"planet_gear_2":["planet_pin_2","planet_bushing_2","fixed_ring_gear","carrier_bearing","input_crank","center_pedestal","output_indicator","ring_post_2","planet_gear_3","input_bearing","planet_bushing_1","base","planet_pin_1"],"planet_gear_3":["planet_pin_3","planet_bushing_3","fixed_ring_gear","carrier_bearing","input_crank","center_pedestal","output_indicator","ring_post_3","input_bearing","planet_bushing_1","base","planet_pin_1"],"output_indicator":["center_pedestal","planet_pin_1","carrier_bearing","ring_post_1","planet_bushing_1","fixed_ring_gear","input_bearing","base","crank_handle","input_crank"],"planet_pin_1":["planet_bushing_1","fixed_ring_gear"],"planet_pin_2":["planet_bushing_2","fixed_ring_gear","center_pedestal"],"planet_pin_3":["planet_bushing_3","fixed_ring_gear","center_pedestal"],"planet_bushing_1":["fixed_ring_gear"],"planet_bushing_2":["fixed_ring_gear","center_pedestal"],"planet_bushing_3":["fixed_ring_gear","center_pedestal"],"input_crank":["crank_handle","planet_bushing_1","fixed_ring_gear","planet_pin_1","planet_bushing_2","planet_bushing_3","planet_pin_2","planet_pin_3","carrier_bearing"],"crank_handle":["planet_gear_1"]}\n    pd={}\n    for a in groups:\n        for b in groups[a]:\n            x,y=(a,b) if a<b else (b,a); pd[x+"|"+y]={"pair":[x,y],"action":"keep","reason":"Exact nearby pair measured; real contact remains possible or uncertain.","source_entity_ids":["link/"+x,"link/"+y],"fact_ids":["nearby/"+x+"/"+y,"pair/"+x+"/"+y]}\n    rel=[("center_pedestal","input_bearing","input_bearing_in_pedestal"),("input_bearing","input_shaft","input_shaft_lower_journal"),("input_shaft","sun_gear","sun_to_input_shaft_press_fit"),("center_pedestal","carrier_bearing","carrier_bearing_on_pedestal"),("carrier_bearing","carrier","carrier_on_central_bearing"),("sun_gear","planet_gear_1","sun_planet_1_mesh"),("sun_gear","planet_gear_2","sun_planet_2_mesh"),("sun_gear","planet_gear_3","sun_planet_3_mesh"),("planet_bushing_1","planet_gear_1","planet_1_bushing_journal"),("planet_bushing_2","planet_gear_2","planet_2_bushing_journal"),("planet_bushing_3","planet_gear_3","planet_3_bushing_journal")]\n    for a,b,n in rel:\n        x,y=(a,b) if a<b else (b,a); k=x+"|"+y\n        if k not in pd: pd[k]={"pair":[x,y],"action":"keep","reason":"Exact authored relation investigated; uncertain overlap retained.","source_entity_ids":[],"fact_ids":["pair/"+x+"/"+y]}\n        pd[k]["source_entity_ids"]=pd[k]["source_entity_ids"]+["relation/"+n]; pd[k]["fact_ids"]=pd[k]["fact_ids"]+["relation/"+n]\n    ex=[("center_pedestal","input_bearing","relation/input_bearing_in_pedestal","fit/center_pedestal/input_bearing_seat/input_bearing/outer_race","Press fit rigid carrying replaces contact."),("input_bearing","input_shaft","relation/input_shaft_lower_journal","fit/input_bearing/shaft_journal/input_shaft/lower_journal","Running journal replaced by hinge."),("input_shaft","sun_gear","relation/sun_to_input_shaft_press_fit","fit/input_shaft/sun_press_seat/sun_gear/shaft_bore","Interference press fit rigid carrying replaces contact.")]\n    for i in (1,2,3):\n        ex.append(("sun_gear","planet_gear_"+str(i),"relation/sun_planet_"+str(i)+"_mesh","fit/sun_gear/planet_mesh_"+str(i)+"/planet_gear_"+str(i)+"/sun_mesh","Exact sun mesh replaced by equality.")); ex.append(("fixed_ring_gear","planet_gear_"+str(i),"planetary_stage/four_to_one_planetary_stage","fit/planet_gear_"+str(i)+"/ring_mesh/fixed_ring_gear/internal_mesh_"+str(i),"Exact internal planetary mesh replaced by equality."))\n    for a,b,s,f,r in ex:\n        x,y=(a,b) if a<b else (b,a); q=pd[x+"|"+y]; q["action"]="exclude"; q["reason"]=r; q["source_entity_ids"]=[s]; q["fact_ids"]=[s,f,"pair/"+x+"/"+y]\n    contacts=[]\n    for k in pd: contacts.append(pd[k])\n    cmap={}\n    for n in facts["links"]: cmap[n]=None\n    for n in ["input_shaft","sun_gear","input_crank","crank_handle"]: cmap[n]="input_shaft_world_hinge"\n    for n in ["carrier","output_indicator","planet_pin_1","planet_pin_2","planet_pin_3","planet_bushing_1","planet_bushing_2","planet_bushing_3"]: cmap[n]="carrier_world_hinge"\n    for i in (1,2,3): cmap["planet_gear_"+str(i)]="planet_"+str(i)+"_carrier_hinge"\n    tree=[("base",""),("center_pedestal","base"),("input_bearing","center_pedestal"),("carrier_bearing","center_pedestal"),("ring_post_1","base"),("ring_post_2","base"),("ring_post_3","base"),("fixed_ring_gear","ring_post_1"),("carrier","fixed_ring_gear"),("input_shaft","carrier"),("sun_gear","input_shaft"),("input_crank","input_shaft"),("crank_handle","input_crank"),("output_indicator","carrier"),("planet_pin_1","carrier"),("planet_bushing_1","planet_pin_1"),("planet_pin_2","carrier"),("planet_bushing_2","planet_pin_2"),("planet_pin_3","carrier"),("planet_bushing_3","planet_pin_3"),("planet_gear_1","carrier"),("planet_gear_2","carrier"),("planet_gear_3","carrier")]\n    out.topology_plan({"coordinate_map":cmap,"tree_edges":tree,"closure_edges":["eq_carrier","eq_p1","eq_p2","eq_p3"],"rigid_carried":[["input_shaft","sun_gear"],["input_shaft","input_crank"],["input_crank","crank_handle"],["carrier","output_indicator"],["carrier","planet_pin_1"],["carrier","planet_pin_2"],["carrier","planet_pin_3"],["carrier","planet_bushing_1"],["carrier","planet_bushing_2"],["carrier","planet_bushing_3"]],"independent_coaxial":[["input_shaft","carrier"]],"transmissions":[{"name":"input_shaft_to_sun","ratio":1.0},{"name":"four_to_one_planetary_stage","ratio":0.25}],"contact_decisions":contacts,"support_ground":"base rests on retained ground","support_strategy":"fixed base and ring support the hinge chain"})\n    for n,p in tree:\n        out.body(n,p)\n        if n=="carrier": out.joint(n,"carrier_world_hinge",axis=(0,0,1),pos_mm=(0,0,0),frame="world")\n        if n=="input_shaft": out.joint(n,"input_shaft_world_hinge",axis=(0,0,1),pos_mm=(0,0,0),frame="world")\n        if n=="planet_gear_1": out.joint(n,"planet_1_carrier_hinge",axis=(0,0,1),pos_mm=(27,0,0),frame="world")\n        if n=="planet_gear_2": out.joint(n,"planet_2_carrier_hinge",axis=(0,0,1),pos_mm=(-13.5,23.3827,0),frame="world")\n        if n=="planet_gear_3": out.joint(n,"planet_3_carrier_hinge",axis=(0,0,1),pos_mm=(-13.5,-23.3827,0),frame="world")\n    out.joint_equality("eq_carrier","input_shaft_world_hinge","carrier_world_hinge",.333333333333,reason="With input hinge nested under carrier, carrier coordinate one-third of relative input gives world 4:1 reduction.",sources=["planetary_stage/four_to_one_planetary_stage"],fact_ids=["planetary_stage/four_to_one_planetary_stage"])\n    for i in (1,2,3): out.joint_equality("eq_p"+str(i),"carrier_world_hinge","planet_"+str(i)+"_carrier_hinge",-3,reason="Fixed-ring planet spin.",sources=["planetary_stage/four_to_one_planetary_stage","relation/sun_planet_"+str(i)+"_mesh"],fact_ids=["planetary_stage/four_to_one_planetary_stage","relation/sun_planet_"+str(i)+"_mesh"])\n    for k in pd:\n        q=pd[k]\n        if q["action"]=="exclude": out.exclude(q["pair"][0],q["pair"][1],q["reason"],q["source_entity_ids"],q["fact_ids"])\n    for e in facts["entity_ids"]:\n        if e[:5]=="link/": out.decision(e,action="emitted",generated_nodes=[e[5:]],reason="Link emitted exactly once.",fact_ids=[e])\n        else: out.decision(e,action="represented_by",generated_nodes=["base"],reason="Entity represented by topology, equalities, contacts, or role map.",fact_ids=[e])\n', 'expected_revision': 5})
[tool] run_mjcf_gate({})
[tool] read_current_compiler({})
[tool] submit_compiler_source({'source': 'def compile_mjcf(facts,out):\n    pairs=[("center_pedestal","input_bearing","relation/input_bearing_in_pedestal","fit/center_pedestal/input_bearing_seat/input_bearing/outer_race","exclude","Press fit rigid carrying replaces contact."),("input_bearing","input_shaft","relation/input_shaft_lower_journal","fit/input_bearing/shaft_journal/input_shaft/lower_journal","exclude","Running journal replaced by hinge."),("input_shaft","sun_gear","relation/sun_to_input_shaft_press_fit","fit/input_shaft/sun_press_seat/sun_gear/shaft_bore","exclude","Interference press fit rigid carrying replaces contact."),("center_pedestal","carrier_bearing","relation/carrier_bearing_on_pedestal","fit/center_pedestal/carrier_bearing_seat/carrier_bearing/pedestal_bore","keep","Running support fit retained because exact overlap is uncertain."),("carrier_bearing","carrier","relation/carrier_on_central_bearing","fit/carrier_bearing/carrier_journal/carrier/central_bore","keep","Declared journal inspected; validator requires contact retained for uncertain overlap."),("sun_gear","planet_gear_1","relation/sun_planet_1_mesh","fit/sun_gear/planet_mesh_1/planet_gear_1/sun_mesh","exclude","Exact sun mesh replaced by equality."),("sun_gear","planet_gear_2","relation/sun_planet_2_mesh","fit/sun_gear/planet_mesh_2/planet_gear_2/sun_mesh","exclude","Exact sun mesh replaced by equality."),("sun_gear","planet_gear_3","relation/sun_planet_3_mesh","fit/sun_gear/planet_mesh_3/planet_gear_3/sun_mesh","exclude","Exact sun mesh replaced by equality."),("planet_bushing_1","planet_gear_1","relation/planet_1_bushing_journal","fit/planet_bushing_1/gear_journal/planet_gear_1/bearing_bore","keep","Declared journal inspected; uncertain overlap retained."),("planet_bushing_2","planet_gear_2","relation/planet_2_bushing_journal","fit/planet_bushing_2/gear_journal/planet_gear_2/bearing_bore","keep","Declared journal inspected; uncertain overlap retained."),("planet_bushing_3","planet_gear_3","relation/planet_3_bushing_journal","fit/planet_bushing_3/gear_journal/planet_gear_3/bearing_bore","keep","Declared journal inspected; uncertain overlap retained.")]\n    contacts=[]\n    for a,b,s,f,act,r in pairs:\n        contacts.append({"pair":[a,b],"action":act,"reason":r,"source_entity_ids":[s],"fact_ids":[s,f,"pair/"+a+"/"+b]})\n    cmap={}\n    for n in facts["links"]: cmap[n]=None\n    for n in ["input_shaft","sun_gear","input_crank","crank_handle"]: cmap[n]="input_shaft_world_hinge"\n    for n in ["carrier","output_indicator","planet_pin_1","planet_pin_2","planet_pin_3","planet_bushing_1","planet_bushing_2","planet_bushing_3"]: cmap[n]="carrier_world_hinge"\n    for i in (1,2,3): cmap["planet_gear_"+str(i)]="planet_"+str(i)+"_carrier_hinge"\n    tree=[("base",""),("center_pedestal","base"),("input_bearing","center_pedestal"),("carrier_bearing","center_pedestal"),("ring_post_1","base"),("ring_post_2","base"),("ring_post_3","base"),("fixed_ring_gear","ring_post_1"),("carrier","fixed_ring_gear"),("input_shaft","carrier"),("sun_gear","input_shaft"),("input_crank","input_shaft"),("crank_handle","input_crank"),("output_indicator","carrier"),("planet_pin_1","carrier"),("planet_bushing_1","planet_pin_1"),("planet_pin_2","carrier"),("planet_bushing_2","planet_pin_2"),("planet_pin_3","carrier"),("planet_bushing_3","planet_pin_3"),("planet_gear_1","carrier"),("planet_gear_2","carrier"),("planet_gear_3","carrier")]\n    out.topology_plan({"coordinate_map":cmap,"tree_edges":tree,"closure_edges":["eq_carrier","eq_p1","eq_p2","eq_p3"],"rigid_carried":[["input_shaft","sun_gear"],["input_shaft","input_crank"],["input_crank","crank_handle"],["carrier","output_indicator"],["carrier","planet_pin_1"],["carrier","planet_pin_2"],["carrier","planet_pin_3"],["carrier","planet_bushing_1"],["carrier","planet_bushing_2"],["carrier","planet_bushing_3"]],"independent_coaxial":[["input_shaft","carrier"]],"transmissions":[{"name":"input_shaft_to_sun","ratio":1.0},{"name":"four_to_one_planetary_stage","ratio":0.25}],"contact_decisions":contacts,"support_ground":"base rests on retained ground","support_strategy":"fixed base and ring support nested hinge chain"})\n    for n,p in tree:\n        out.body(n,p)\n        if n=="carrier": out.joint(n,"carrier_world_hinge",axis=(0,0,1),pos_mm=(0,0,0),frame="world")\n        if n=="input_shaft": out.joint(n,"input_shaft_world_hinge",axis=(0,0,1),pos_mm=(0,0,0),frame="world")\n        if n=="planet_gear_1": out.joint(n,"planet_1_carrier_hinge",axis=(0,0,1),pos_mm=(27,0,0),frame="world")\n        if n=="planet_gear_2": out.joint(n,"planet_2_carrier_hinge",axis=(0,0,1),pos_mm=(-13.5,23.3827,0),frame="world")\n        if n=="planet_gear_3": out.joint(n,"planet_3_carrier_hinge",axis=(0,0,1),pos_mm=(-13.5,-23.3827,0),frame="world")\n    out.joint_equality("eq_carrier","input_shaft_world_hinge","carrier_world_hinge",.333333333333,reason="Nested coordinates yield world carrier at one quarter input.",sources=["planetary_stage/four_to_one_planetary_stage"],fact_ids=["planetary_stage/four_to_one_planetary_stage"])\n    for i in (1,2,3): out.joint_equality("eq_p"+str(i),"carrier_world_hinge","planet_"+str(i)+"_carrier_hinge",-3,reason="Fixed-ring local planet spin.",sources=["planetary_stage/four_to_one_planetary_stage","relation/sun_planet_"+str(i)+"_mesh"],fact_ids=["planetary_stage/four_to_one_planetary_stage","relation/sun_planet_"+str(i)+"_mesh"])\n    for a,b,s,f,act,r in pairs:\n        if act=="exclude": out.exclude(a,b,r,[s],[s,f,"pair/"+a+"/"+b])\n    for e in facts["entity_ids"]:\n        if e[:5]=="link/": out.decision(e,action="emitted",generated_nodes=[e[5:]],reason="Link emitted exactly once.",fact_ids=[e])\n        else: out.decision(e,action="represented_by",generated_nodes=["base"],reason="Entity represented by topology, equalities, contacts, or roles.",fact_ids=[e])\n', 'expected_revision': 6})
[tool] run_mjcf_gate({})
[tool] submit_compiler_source({'source': 'def compile_mjcf(facts,out):\n    pairs=[("center_pedestal","input_bearing","relation/input_bearing_in_pedestal","fit/center_pedestal/input_bearing_seat/input_bearing/outer_race","exclude","Press fit rigid carrying replaces contact."),("input_bearing","input_shaft","relation/input_shaft_lower_journal","fit/input_bearing/shaft_journal/input_shaft/lower_journal","exclude","Running journal replaced by hinge."),("input_shaft","sun_gear","relation/sun_to_input_shaft_press_fit","fit/input_shaft/sun_press_seat/sun_gear/shaft_bore","exclude","Interference press fit rigid carrying replaces contact."),("center_pedestal","carrier_bearing","relation/carrier_bearing_on_pedestal","fit/center_pedestal/carrier_bearing_seat/carrier_bearing/pedestal_bore","keep","Running support fit retained because overlap is uncertain."),("carrier_bearing","carrier","relation/carrier_on_central_bearing","fit/carrier_bearing/carrier_journal/carrier/central_bore","keep","Journal inspected; uncertain overlap retained."),("sun_gear","planet_gear_1","relation/sun_planet_1_mesh","fit/sun_gear/planet_mesh_1/planet_gear_1/sun_mesh","exclude","Exact sun mesh replaced by equality."),("sun_gear","planet_gear_2","relation/sun_planet_2_mesh","fit/sun_gear/planet_mesh_2/planet_gear_2/sun_mesh","exclude","Exact sun mesh replaced by equality."),("sun_gear","planet_gear_3","relation/sun_planet_3_mesh","fit/sun_gear/planet_mesh_3/planet_gear_3/sun_mesh","exclude","Exact sun mesh replaced by equality."),("planet_bushing_1","planet_gear_1","relation/planet_1_bushing_journal","fit/planet_bushing_1/gear_journal/planet_gear_1/bearing_bore","keep","Journal inspected; uncertain overlap retained."),("planet_bushing_2","planet_gear_2","relation/planet_2_bushing_journal","fit/planet_bushing_2/gear_journal/planet_gear_2/bearing_bore","keep","Journal inspected; uncertain overlap retained."),("planet_bushing_3","planet_gear_3","relation/planet_3_bushing_journal","fit/planet_bushing_3/gear_journal/planet_gear_3/bearing_bore","keep","Journal inspected; uncertain overlap retained.")]\n    contacts=[]\n    for a,b,s,f,act,r in pairs: contacts.append({"pair":[a,b],"action":act,"reason":r,"source_entity_ids":[s],"fact_ids":[s,f,"pair/"+a+"/"+b]})\n    for i in (1,2,3): contacts.append({"pair":["fixed_ring_gear","planet_gear_"+str(i)],"action":"exclude","reason":"Exact declared internal planetary tooth mesh replaced by fixed-ring stage equalities.","source_entity_ids":["planetary_stage/four_to_one_planetary_stage","port/planet_gear_"+str(i)+"/ring_mesh","port/fixed_ring_gear/internal_mesh_"+str(i)],"fact_ids":["planetary_stage/four_to_one_planetary_stage","port/planet_gear_"+str(i)+"/ring_mesh","port/fixed_ring_gear/internal_mesh_"+str(i),"fit/planet_gear_"+str(i)+"/ring_mesh/fixed_ring_gear/internal_mesh_"+str(i),"pair/fixed_ring_gear/planet_gear_"+str(i)]})\n    cmap={}\n    for n in facts["links"]: cmap[n]=None\n    for n in ["input_shaft","sun_gear","input_crank","crank_handle"]: cmap[n]="input_shaft_world_hinge"\n    for n in ["carrier","output_indicator","planet_pin_1","planet_pin_2","planet_pin_3","planet_bushing_1","planet_bushing_2","planet_bushing_3"]: cmap[n]="carrier_world_hinge"\n    for i in (1,2,3): cmap["planet_gear_"+str(i)]="planet_"+str(i)+"_carrier_hinge"\n    tree=[("base",""),("center_pedestal","base"),("input_bearing","center_pedestal"),("carrier_bearing","center_pedestal"),("ring_post_1","base"),("ring_post_2","base"),("ring_post_3","base"),("fixed_ring_gear","ring_post_1"),("carrier","fixed_ring_gear"),("input_shaft","carrier"),("sun_gear","input_shaft"),("input_crank","input_shaft"),("crank_handle","input_crank"),("output_indicator","carrier"),("planet_pin_1","carrier"),("planet_bushing_1","planet_pin_1"),("planet_pin_2","carrier"),("planet_bushing_2","planet_pin_2"),("planet_pin_3","carrier"),("planet_bushing_3","planet_pin_3"),("planet_gear_1","carrier"),("planet_gear_2","carrier"),("planet_gear_3","carrier")]\n    out.topology_plan({"coordinate_map":cmap,"tree_edges":tree,"closure_edges":["eq_carrier","eq_p1","eq_p2","eq_p3"],"rigid_carried":[["input_shaft","sun_gear"],["input_shaft","input_crank"],["input_crank","crank_handle"],["carrier","output_indicator"],["carrier","planet_pin_1"],["carrier","planet_pin_2"],["carrier","planet_pin_3"],["carrier","planet_bushing_1"],["carrier","planet_bushing_2"],["carrier","planet_bushing_3"]],"independent_coaxial":[["input_shaft","carrier"]],"transmissions":[{"name":"input_shaft_to_sun","ratio":1.0},{"name":"four_to_one_planetary_stage","ratio":0.25}],"contact_decisions":contacts,"support_ground":"base rests on retained ground","support_strategy":"fixed base and ring support nested hinge chain"})\n    for n,p in tree:\n        out.body(n,p)\n        if n=="carrier": out.joint(n,"carrier_world_hinge",axis=(0,0,1),pos_mm=(0,0,0),frame="world")\n        if n=="input_shaft": out.joint(n,"input_shaft_world_hinge",axis=(0,0,1),pos_mm=(0,0,0),frame="world")\n        if n=="planet_gear_1": out.joint(n,"planet_1_carrier_hinge",axis=(0,0,1),pos_mm=(27,0,0),frame="world")\n        if n=="planet_gear_2": out.joint(n,"planet_2_carrier_hinge",axis=(0,0,1),pos_mm=(-13.5,23.3827,0),frame="world")\n        if n=="planet_gear_3": out.joint(n,"planet_3_carrier_hinge",axis=(0,0,1),pos_mm=(-13.5,-23.3827,0),frame="world")\n    out.joint_equality("eq_carrier","input_shaft_world_hinge","carrier_world_hinge",.333333333333,reason="Nested coordinates yield world carrier at one quarter input.",sources=["planetary_stage/four_to_one_planetary_stage"],fact_ids=["planetary_stage/four_to_one_planetary_stage"])\n    for i in (1,2,3): out.joint_equality("eq_p"+str(i),"carrier_world_hinge","planet_"+str(i)+"_carrier_hinge",-3,reason="Fixed-ring local planet spin.",sources=["planetary_stage/four_to_one_planetary_stage","relation/sun_planet_"+str(i)+"_mesh"],fact_ids=["planetary_stage/four_to_one_planetary_stage","relation/sun_planet_"+str(i)+"_mesh"])\n    for q in contacts:\n        if q["action"]=="exclude": out.exclude(q["pair"][0],q["pair"][1],q["reason"],q["source_entity_ids"],q["fact_ids"])\n    for e in facts["entity_ids"]:\n        if e[:5]=="link/": out.decision(e,action="emitted",generated_nodes=[e[5:]],reason="Link emitted exactly once.",fact_ids=[e])\n        else: out.decision(e,action="represented_by",generated_nodes=["base"],reason="Entity represented by topology, equalities, contacts, or roles.",fact_ids=[e])\n', 'expected_revision': 7})
[tool] reached max_rounds=28; proceeding
ARTIFACT_JSON:{"kind":"physics","iter":2,"run_dir":"C:\\Users\\t-zhijjiang\\Downloads\\PhysCADResearcher\\output\\representation_ablation_05_three_planet_4to1\\runs\\design_this_as_an_open_demonstra_20260813_153115","render_dir":"C:\\Users\\t-zhijjiang\\Downloads\\PhysCADResearcher\\output\\representation_ablation_05_three_planet_4to1\\runs\\design_this_as_an_open_demonstra_20260813_153115","passed":false,"physics":{"passed":false,"verdict":"FAIL","summary":"MJCF compiler failed: MJCF agent did not produce an accepted compiler","metrics":{"compile_report":{"ok":false,"errors":["dynamic transmission probe: contact materially stalls the closed mechanism relative to the no-contact control; inspect active body/world pairs"],"policy_version":5,"bodies":["base","carrier","carrier_bearing","center_pedestal","crank_handle","fixed_ring_gear","input_bearing","input_crank","input_shaft","output_indicator","planet_bushing_1","planet_bushing_2","planet_bushing_3","planet_gear_1","planet_gear_2","planet_gear_3","planet_pin_1","planet_pin_2","planet_pin_3","ring_post_1","ring_post_2","ring_post_3","sun_gear"],"joints":["carrier_world_hinge","eq_carrier","eq_p1","eq_p2","eq_p3","input_shaft_world_hinge","planet_1_carrier_hinge","planet_2_carrier_hinge","planet_3_carrier_hinge"],"nq":5,"nv":5,"finite":true,"dynamic_transmission_probe":{"ran":true,"ok":false,"errors":["contact materially stalls the closed mechanism relative to the no-contact control; inspect active body/world pairs"],"warnings":[],"contact_on":{"ok":true,"driver_travel":0.0015411330967241537,"commanded_travel":1.0494,"joint_deltas":{"input_shaft_world_hinge":-0.0015411330967241537},"transmission_residuals":[],"active_contacts":[{"pair":["fixed_ring_gear","input_shaft"],"count":69960,"max_penetration_mm":1.2499969482421924,"max_force_n":4.342088713528409e+17,"impulse_ns":3.8388296030180173e+18},{"pair":["carrier","fixed_ring_gear"],"count":69960,"max_penetration_mm":1.2499999964492163,"max_force_n":1.020316982800107e+16,"impulse_ns":9.984789319312805e+16},{"pair":["carrier","carrier_bearing"],"count":6996,"max_penetration_mm":0.13337300989410214,"max_force_n":2188277906218332.8,"impulse_ns":2682697678060115.5},{"pair":["fixed_ring_gear","planet_pin_2"],"count":69960,"max_penetration_mm":1.2499969482421938,"max_force_n":3225.038120943946,"impulse_ns":25988.733611742387},{"pair":["fixed_ring_gear","planet_pin_1"],"count":69960,"max_penetration_mm":1.2499969482421933,"max_force_n":3202.5760122834176,"impulse_ns":25783.9148946021},{"pair":["fixed_ring_gear","planet_pin_3"],"count":69960,"max_penetration_mm":1.2499969482421975,"max_force_n":3217.022869485264,"impulse_ns":25582.867303034927},{"pair":["fixed_ring_gear","planet_bushing_1"],"count":69960,"max_penetration_mm":0.4222488223245664,"max_force_n":1506.0854989574432,"impulse_ns":17126.124794736686},{"pair":["fixed_ring_gear","planet_bushing_2"],"count":69960,"max_penetration_mm":0.42224882232421945,"max_force_n":1512.020565935028,"impulse_ns":17018.542312045276},{"pair":["fixed_ring_gear","planet_bushing_3"],"count":69960,"max_penetration_mm":0.41458915594218126,"max_force_n":1484.3659233721146,"impulse_ns":16462.953043424543},{"pair":["fixed_ring_gear","planet_gear_1"],"count":13992,"max_penetration_mm":0.569179542745686,"max_force_n":1869.487635497235,"impulse_ns":3686.9550475089923},{"pair":["fixed_ring_gear","planet_gear_2"],"count":8745,"max_penetration_mm":0.6882808981617827,"max_force_n":2275.125036177076,"impulse_ns":2564.0654741719068},{"pair":["fixed_ring_gear","planet_gear_3"],"count":4975,"max_penetration_mm":0.11744441188112892,"max_force_n":626.1249279476782,"impulse_ns":420.85770128700216}]},"contact_off":{"ok":true,"driver_travel":0.9774542759790134,"commanded_travel":1.0494,"joint_deltas":{"input_shaft_world_hinge":0.9774542759790134},"transmission_residuals":[],"active_contacts":[]}}},"numerical_health":{"finite":true}},"cause":"backend","reason":"MJCF agent did not produce an accepted compiler","diagnosis":{"diagnosis_version":2,"fault_domain":"builder_compiler","fault_code":"mjcf_agent_compile_failed","confidence":1.0,"verified":true,"reason":"MJCF topology compiler failed: MJCF agent did not produce an accepted compiler","culprit_entities":[],"evidence":[{"kind":"mjcf_gate_report","observation":{"ok":false,"errors":["dynamic transmission probe: contact materially stalls the closed mechanism relative to the no-contact control; inspect active body/world pairs"],"policy_version":5,"bodies":["base","carrier","carrier_bearing","center_pedestal","crank_handle","fixed_ring_gear","input_bearing","input_crank","input_shaft","output_indicator","planet_bushing_1","planet_bushing_2","planet_bushing_3","planet_gear_1","planet_gear_2","planet_gear_3","planet_pin_1","planet_pin_2","planet_pin_3","ring_post_1","ring_post_2","ring_post_3","sun_gear"],"joints":["carrier_world_hinge","eq_carrier","eq_p1","eq_p2","eq_p3","input_shaft_world_hinge","planet_1_carrier_hinge","planet_2_carrier_hinge","planet_3_carrier_hinge"],"nq":5,"nv":5,"finite":true,"dynamic_transmission_probe":{"ran":true,"ok":false,"errors":["contact materially stalls the closed mechanism relative to the no-contact control; inspect active body/world pairs"],"warnings":[],"contact_on":{"ok":true,"driver_travel":0.0015411330967241537,"commanded_travel":1.0494,"joint_deltas":{"input_shaft_world_hinge":-0.0015411330967241537},"transmission_residuals":[],"active_contacts":[{"pair":["fixed_ring_gear","input_shaft"],"count":69960,"max_penetration_mm":1.2499969482421924,"max_force_n":4.342088713528409e+17,"impulse_ns":3.8388296030180173e+18},{"pair":["carrier","fixed_ring_gear"],"count":69960,"max_penetration_mm":1.2499999964492163,"max_force_n":1.020316982800107e+16,"impulse_ns":9.984789319312805e+16},{"pair":["carrier","carrier_bearing"],"count":6996,"max_penetration_mm":0.13337300989410214,"max_force_n":2188277906218332.8,"impulse_ns":2682697678060115.5},{"pair":["fixed_ring_gear","planet_pin_2"],"count":69960,"max_penetration_mm":1.2499969482421938,"max_force_n":3225.038120943946,"impulse_ns":25988.733611742387},{"pair":["fixed_ring_gear","planet_pin_1"],"count":69960,"max_penetration_mm":1.2499969482421933,"max_force_n":3202.5760122834176,"impulse_ns":25783.9148946021},{"pair":["fixed_ring_gear","planet_pin_3"],"count":69960,"max_penetration_mm":1.2499969482421975,"max_force_n":3217.022869485264,"impulse_ns":25582.867303034927},{"pair":["fixed_ring_gear","planet_bushing_1"],"count":69960,"max_penetration_mm":0.4222488223245664,"max_force_n":1506.0854989574432,"impulse_ns":17126.124794736686},{"pair":["fixed_ring_gear","planet_bushing_2"],"count":69960,"max_penetration_mm":0.42224882232421945,"max_force_n":1512.020565935028,"impulse_ns":17018.542312045276},{"pair":["fixed_ring_gear","planet_bushing_3"],"count":69960,"max_penetration_mm":0.41458915594218126,"max_force_n":1484.3659233721146,"impulse_ns":16462.953043424543},{"pair":["fixed_ring_gear","planet_gear_1"],"count":13992,"max_penetration_mm":0.569179542745686,"max_force_n":1869.487635497235,"impulse_ns":3686.9550475089923},{"pair":["fixed_ring_gear","planet_gear_2"],"count":8745,"max_penetration_mm":0.6882808981617827,"max_force_n":2275.125036177076,"impulse_ns":2564.0654741719068},{"pair":["fixed_ring_gear","planet_gear_3"],"count":4975,"max_penetration_mm":0.11744441188112892,"max_force_n":626.1249279476782,"impulse_ns":420.85770128700216}]},"contact_off":{"ok":true,"driver_travel":0.9774542759790134,"commanded_travel":1.0494,"joint_deltas":{"input_shaft_world_hinge":0.9774542759790134},"transmission_residuals":[],"active_contacts":[]}}}}],"persistence":{},"routing":{"action":"halt_harness","allow_agent_refinement":false},"legacy":{"cause":"structure"}},"tests":[]}}
[single-agent] physics fault belongs to harness domain 'builder_compiler' (mjcf_agent_compile_failed); refusing CAD regeneration
